trial,run_id,task_type,device,num_sample,dense_dim_in,dense_dim_out,read_size_bytes,write_size_bytes,runtime_wall_s,runtime_reported_s,transfer_h2d_total_s,cpu_ghz,cpu_utilization,exit_code,log_file
1,1,new_agent,cpu,100,4,4,4194304,4194304,0.6860332963988185,0.04054880142211914,0.0,2.165,0.494,0,/direct/sdcc+u/lchen6/cpu_logs/0001_new_agent_cpu_samples100_din4_dout4_read4194304_write4194304.log
1,2,new_agent,cpu,100,4,4,8388608,8388608,0.5541353235021234,0.04361462593078613,0.0,2.196,0.569,0,/direct/sdcc+u/lchen6/cpu_logs/0002_new_agent_cpu_samples100_din4_dout4_read8388608_write8388608.log
1,3,new_agent,cpu,100,4,4,16777216,16777216,0.5423442302271724,0.0493922233581543,0.0,2.18,0.586,0,/direct/sdcc+u/lchen6/cpu_logs/0003_new_agent_cpu_samples100_din4_dout4_read16777216_write16777216.log
1,4,new_agent,cpu,100,4,4,33554432,33554432,0.5730697540566325,0.07412004470825195,0.0,2.135,0.571,0,/direct/sdcc+u/lchen6/cpu_logs/0004_new_agent_cpu_samples100_din4_dout4_read33554432_write33554432.log
1,5,new_agent,cpu,100,4,4,67108864,67108864,0.6405915003269911,0.1097722053527832,0.0,1.986,0.544,0,/direct/sdcc+u/lchen6/cpu_logs/0005_new_agent_cpu_samples100_din4_dout4_read67108864_write67108864.log
1,6,new_agent,cpu,100,4,4,134217728,134217728,0.7065454889088869,0.18931365013122559,0.0,1.814,0.551,0,/direct/sdcc+u/lchen6/cpu_logs/0006_new_agent_cpu_samples100_din4_dout4_read134217728_write134217728.log
1,7,new_agent,cpu,100,4,4,268435456,268435456,0.8821354825049639,0.3454108238220215,0.0,1.579,0.499,0,/direct/sdcc+u/lchen6/cpu_logs/0007_new_agent_cpu_samples100_din4_dout4_read268435456_write268435456.log
1,8,new_agent,cpu,100,4,4,536870912,536870912,1.2026261230930686,0.6668102741241455,0.0,1.235,0.472,0,/direct/sdcc+u/lchen6/cpu_logs/0008_new_agent_cpu_samples100_din4_dout4_read536870912_write536870912.log
1,9,new_agent,cpu,100,8,8,4194304,4194304,0.5918109612539411,0.03542828559875488,0.0,2.207,0.541,0,/direct/sdcc+u/lchen6/cpu_logs/0009_new_agent_cpu_samples100_din8_dout8_read4194304_write4194304.log
1,10,new_agent,cpu,100,8,8,8388608,8388608,0.5199757721275091,0.039749860763549805,0.0,2.195,0.612,0,/direct/sdcc+u/lchen6/cpu_logs/0010_new_agent_cpu_samples100_din8_dout8_read8388608_write8388608.log
1,11,new_agent,cpu,100,8,8,16777216,16777216,0.5559775503352284,0.04509687423706055,0.0,2.154,0.571,0,/direct/sdcc+u/lchen6/cpu_logs/0011_new_agent_cpu_samples100_din8_dout8_read16777216_write16777216.log
1,12,new_agent,cpu,100,8,8,33554432,33554432,0.560044658370316,0.06843948364257812,0.0,2.073,0.598,0,/direct/sdcc+u/lchen6/cpu_logs/0012_new_agent_cpu_samples100_din8_dout8_read33554432_write33554432.log
1,13,new_agent,cpu,100,8,8,67108864,67108864,0.662347573786974,0.10625720024108887,0.0,1.998,0.527,0,/direct/sdcc+u/lchen6/cpu_logs/0013_new_agent_cpu_samples100_din8_dout8_read67108864_write67108864.log
1,14,new_agent,cpu,100,8,8,134217728,134217728,0.6822703741490841,0.1829829216003418,0.0,1.837,0.558,0,/direct/sdcc+u/lchen6/cpu_logs/0014_new_agent_cpu_samples100_din8_dout8_read134217728_write134217728.log
1,15,new_agent,cpu,100,8,8,268435456,268435456,0.9264169307425618,0.34262824058532715,0.0,1.582,0.479,0,/direct/sdcc+u/lchen6/cpu_logs/0015_new_agent_cpu_samples100_din8_dout8_read268435456_write268435456.log
1,16,new_agent,cpu,100,8,8,536870912,536870912,1.2680542431771755,0.6963837146759033,0.0,1.217,0.458,0,/direct/sdcc+u/lchen6/cpu_logs/0016_new_agent_cpu_samples100_din8_dout8_read536870912_write536870912.log
1,17,new_agent,cpu,100,16,16,4194304,4194304,0.5623720400035381,0.0380706787109375,0.0,2.24,0.57,0,/direct/sdcc+u/lchen6/cpu_logs/0017_new_agent_cpu_samples100_din16_dout16_read4194304_write4194304.log
1,18,new_agent,cpu,100,16,16,8388608,8388608,0.5307684885337949,0.043709754943847656,0.0,2.227,0.61,0,/direct/sdcc+u/lchen6/cpu_logs/0018_new_agent_cpu_samples100_din16_dout16_read8388608_write8388608.log
1,19,new_agent,cpu,100,16,16,16777216,16777216,0.7437224686145782,0.0607297420501709,0.0,2.17,0.445,0,/direct/sdcc+u/lchen6/cpu_logs/0019_new_agent_cpu_samples100_din16_dout16_read16777216_write16777216.log
1,20,new_agent,cpu,100,16,16,33554432,33554432,0.5595839228481054,0.0720529556274414,0.0,2.109,0.599,0,/direct/sdcc+u/lchen6/cpu_logs/0020_new_agent_cpu_samples100_din16_dout16_read33554432_write33554432.log
1,21,new_agent,cpu,100,16,16,67108864,67108864,0.5834783250465989,0.10985803604125977,0.0,2.049,0.594,0,/direct/sdcc+u/lchen6/cpu_logs/0021_new_agent_cpu_samples100_din16_dout16_read67108864_write67108864.log
1,22,new_agent,cpu,100,16,16,134217728,134217728,1.154049675911665,0.196000337600708,0.0,1.872,0.336,0,/direct/sdcc+u/lchen6/cpu_logs/0022_new_agent_cpu_samples100_din16_dout16_read134217728_write134217728.log
1,23,new_agent,cpu,100,16,16,268435456,268435456,0.8419852172955871,0.34316039085388184,0.0,1.604,0.52,0,/direct/sdcc+u/lchen6/cpu_logs/0023_new_agent_cpu_samples100_din16_dout16_read268435456_write268435456.log
1,24,new_agent,cpu,100,16,16,536870912,536870912,1.195368280634284,0.6573967933654785,0.0,1.244,0.472,0,/direct/sdcc+u/lchen6/cpu_logs/0024_new_agent_cpu_samples100_din16_dout16_read536870912_write536870912.log
1,25,new_agent,cpu,100,32,32,4194304,4194304,0.571602419950068,0.03306841850280762,0.0,2.218,0.548,0,/direct/sdcc+u/lchen6/cpu_logs/0025_new_agent_cpu_samples100_din32_dout32_read4194304_write4194304.log
1,26,new_agent,cpu,100,32,32,8388608,8388608,0.5142802596092224,0.04105710983276367,0.0,2.211,0.617,0,/direct/sdcc+u/lchen6/cpu_logs/0026_new_agent_cpu_samples100_din32_dout32_read8388608_write8388608.log
1,27,new_agent,cpu,100,32,32,16777216,16777216,0.5274211531504989,0.051227569580078125,0.0,2.159,0.615,0,/direct/sdcc+u/lchen6/cpu_logs/0027_new_agent_cpu_samples100_din32_dout32_read16777216_write16777216.log
1,28,new_agent,cpu,100,32,32,33554432,33554432,0.5839285776019096,0.07041263580322266,0.0,2.133,0.562,0,/direct/sdcc+u/lchen6/cpu_logs/0028_new_agent_cpu_samples100_din32_dout32_read33554432_write33554432.log
1,29,new_agent,cpu,100,32,32,67108864,67108864,0.5820614565163851,0.1053926944732666,0.0,2.026,0.585,0,/direct/sdcc+u/lchen6/cpu_logs/0029_new_agent_cpu_samples100_din32_dout32_read67108864_write67108864.log
1,30,new_agent,cpu,100,32,32,134217728,134217728,0.7194630317389965,0.18456673622131348,0.0,1.846,0.522,0,/direct/sdcc+u/lchen6/cpu_logs/0030_new_agent_cpu_samples100_din32_dout32_read134217728_write134217728.log
1,31,new_agent,cpu,100,32,32,268435456,268435456,0.8307089079171419,0.3429560661315918,0.0,1.589,0.526,0,/direct/sdcc+u/lchen6/cpu_logs/0031_new_agent_cpu_samples100_din32_dout32_read268435456_write268435456.log
1,32,new_agent,cpu,100,32,32,536870912,536870912,1.2928911661729217,0.654822587966919,0.0,1.222,0.435,0,/direct/sdcc+u/lchen6/cpu_logs/0032_new_agent_cpu_samples100_din32_dout32_read536870912_write536870912.log
1,33,new_agent,cpu,100,64,64,4194304,4194304,0.6170429652556777,0.047971487045288086,0.0,2.244,0.53,0,/direct/sdcc+u/lchen6/cpu_logs/0033_new_agent_cpu_samples100_din64_dout64_read4194304_write4194304.log
1,34,new_agent,cpu,100,64,64,8388608,8388608,0.6829822361469269,0.04528975486755371,0.0,2.178,0.478,0,/direct/sdcc+u/lchen6/cpu_logs/0034_new_agent_cpu_samples100_din64_dout64_read8388608_write8388608.log
1,35,new_agent,cpu,100,64,64,16777216,16777216,0.5668993322178721,0.052803993225097656,0.0,2.165,0.568,0,/direct/sdcc+u/lchen6/cpu_logs/0035_new_agent_cpu_samples100_din64_dout64_read16777216_write16777216.log
1,36,new_agent,cpu,100,64,64,33554432,33554432,0.5722185531631112,0.07052063941955566,0.0,2.104,0.58,0,/direct/sdcc+u/lchen6/cpu_logs/0036_new_agent_cpu_samples100_din64_dout64_read33554432_write33554432.log
1,37,new_agent,cpu,100,64,64,67108864,67108864,0.8403114508837461,0.10971307754516602,0.0,2.02,0.414,0,/direct/sdcc+u/lchen6/cpu_logs/0037_new_agent_cpu_samples100_din64_dout64_read67108864_write67108864.log
1,38,new_agent,cpu,100,64,64,134217728,134217728,0.6722931647673249,0.18581223487854004,0.0,1.86,0.556,0,/direct/sdcc+u/lchen6/cpu_logs/0038_new_agent_cpu_samples100_din64_dout64_read134217728_write134217728.log
1,39,new_agent,cpu,100,64,64,268435456,268435456,1.2498251805081964,0.3862142562866211,0.0,1.581,0.354,0,/direct/sdcc+u/lchen6/cpu_logs/0039_new_agent_cpu_samples100_din64_dout64_read268435456_write268435456.log
1,40,new_agent,cpu,100,64,64,536870912,536870912,1.2174844397231936,0.6569178104400635,0.0,1.192,0.477,0,/direct/sdcc+u/lchen6/cpu_logs/0040_new_agent_cpu_samples100_din64_dout64_read536870912_write536870912.log
1,41,new_agent,cpu,100,128,128,4194304,4194304,0.5748646343126893,0.04180026054382324,0.0,2.224,0.559,0,/direct/sdcc+u/lchen6/cpu_logs/0041_new_agent_cpu_samples100_din128_dout128_read4194304_write4194304.log
1,42,new_agent,cpu,100,128,128,8388608,8388608,0.5311766136437654,0.04773259162902832,0.0,2.239,0.607,0,/direct/sdcc+u/lchen6/cpu_logs/0042_new_agent_cpu_samples100_din128_dout128_read8388608_write8388608.log
1,43,new_agent,cpu,100,128,128,16777216,16777216,0.5530866757035255,0.05695366859436035,0.0,2.185,0.6,0,/direct/sdcc+u/lchen6/cpu_logs/0043_new_agent_cpu_samples100_din128_dout128_read16777216_write16777216.log
1,44,new_agent,cpu,100,128,128,33554432,33554432,0.5458695348352194,0.07769083976745605,0.0,2.147,0.62,0,/direct/sdcc+u/lchen6/cpu_logs/0044_new_agent_cpu_samples100_din128_dout128_read33554432_write33554432.log
1,45,new_agent,cpu,100,128,128,67108864,67108864,0.6326488070189953,0.11795973777770996,0.0,2.071,0.559,0,/direct/sdcc+u/lchen6/cpu_logs/0045_new_agent_cpu_samples100_din128_dout128_read67108864_write67108864.log
1,46,new_agent,cpu,100,128,128,134217728,134217728,0.6644164929166436,0.1929769515991211,0.0,1.894,0.573,0,/direct/sdcc+u/lchen6/cpu_logs/0046_new_agent_cpu_samples100_din128_dout128_read134217728_write134217728.log
1,47,new_agent,cpu,100,128,128,268435456,268435456,0.8730307361111045,0.34848976135253906,0.0,1.625,0.509,0,/direct/sdcc+u/lchen6/cpu_logs/0047_new_agent_cpu_samples100_din128_dout128_read268435456_write268435456.log
1,48,new_agent,cpu,100,128,128,536870912,536870912,1.2738481387495995,0.7205839157104492,0.0,1.265,0.452,0,/direct/sdcc+u/lchen6/cpu_logs/0048_new_agent_cpu_samples100_din128_dout128_read536870912_write536870912.log
1,49,new_agent,cpu,100,256,256,4194304,4194304,0.5888093262910843,0.058686256408691406,0.0,2.314,0.578,0,/direct/sdcc+u/lchen6/cpu_logs/0049_new_agent_cpu_samples100_din256_dout256_read4194304_write4194304.log
1,50,new_agent,cpu,100,256,256,8388608,8388608,0.6772501459345222,0.06484627723693848,0.0,2.276,0.511,0,/direct/sdcc+u/lchen6/cpu_logs/0050_new_agent_cpu_samples100_din256_dout256_read8388608_write8388608.log
1,51,new_agent,cpu,100,256,256,16777216,16777216,0.5498338211327791,0.06965279579162598,0.0,2.261,0.631,0,/direct/sdcc+u/lchen6/cpu_logs/0051_new_agent_cpu_samples100_din256_dout256_read16777216_write16777216.log
1,52,new_agent,cpu,100,256,256,33554432,33554432,0.5595273645594716,0.09095191955566406,0.0,2.202,0.627,0,/direct/sdcc+u/lchen6/cpu_logs/0052_new_agent_cpu_samples100_din256_dout256_read33554432_write33554432.log
1,53,new_agent,cpu,100,256,256,67108864,67108864,0.8497672481462359,0.13036203384399414,0.0,2.115,0.432,0,/direct/sdcc+u/lchen6/cpu_logs/0053_new_agent_cpu_samples100_din256_dout256_read67108864_write67108864.log
1,54,new_agent,cpu,100,256,256,134217728,134217728,0.6806504931300879,0.2055649757385254,0.0,1.943,0.577,0,/direct/sdcc+u/lchen6/cpu_logs/0054_new_agent_cpu_samples100_din256_dout256_read134217728_write134217728.log
1,55,new_agent,cpu,100,256,256,268435456,268435456,1.330256693996489,0.3734309673309326,0.0,1.677,0.346,0,/direct/sdcc+u/lchen6/cpu_logs/0055_new_agent_cpu_samples100_din256_dout256_read268435456_write268435456.log
1,56,new_agent,cpu,100,256,256,536870912,536870912,1.238967165350914,0.6774859428405762,0.0,1.308,0.469,0,/direct/sdcc+u/lchen6/cpu_logs/0056_new_agent_cpu_samples100_din256_dout256_read536870912_write536870912.log
1,57,new_agent,cpu,100,512,512,4194304,4194304,0.6582526275888085,0.11139893531799316,0.0,2.449,0.601,0,/direct/sdcc+u/lchen6/cpu_logs/0057_new_agent_cpu_samples100_din512_dout512_read4194304_write4194304.log
1,58,new_agent,cpu,100,512,512,8388608,8388608,0.591274194419384,0.11589312553405762,0.0,2.436,0.674,0,/direct/sdcc+u/lchen6/cpu_logs/0058_new_agent_cpu_samples100_din512_dout512_read8388608_write8388608.log
1,59,new_agent,cpu,100,512,512,16777216,16777216,0.5966050820425153,0.12564969062805176,0.0,2.407,0.665,0,/direct/sdcc+u/lchen6/cpu_logs/0059_new_agent_cpu_samples100_din512_dout512_read16777216_write16777216.log
1,60,new_agent,cpu,100,512,512,33554432,33554432,0.6189717827364802,0.14846038818359375,0.0,2.334,0.666,0,/direct/sdcc+u/lchen6/cpu_logs/0060_new_agent_cpu_samples100_din512_dout512_read33554432_write33554432.log
1,61,new_agent,cpu,100,512,512,67108864,67108864,0.6823150394484401,0.18713068962097168,0.0,2.28,0.622,0,/direct/sdcc+u/lchen6/cpu_logs/0061_new_agent_cpu_samples100_din512_dout512_read67108864_write67108864.log
1,62,new_agent,cpu,100,512,512,134217728,134217728,0.7645375933498144,0.27526187896728516,0.0,2.092,0.597,0,/direct/sdcc+u/lchen6/cpu_logs/0062_new_agent_cpu_samples100_din512_dout512_read134217728_write134217728.log
1,63,new_agent,cpu,100,512,512,268435456,268435456,0.9239784935489297,0.4189884662628174,0.0,1.856,0.557,0,/direct/sdcc+u/lchen6/cpu_logs/0063_new_agent_cpu_samples100_din512_dout512_read268435456_write268435456.log
1,64,new_agent,cpu,100,512,512,536870912,536870912,1.3127670465037227,0.7302601337432861,0.0,1.482,0.487,0,/direct/sdcc+u/lchen6/cpu_logs/0064_new_agent_cpu_samples100_din512_dout512_read536870912_write536870912.log
1,65,new_agent,cpu,100,1024,1024,4194304,4194304,0.8270312305539846,0.2965819835662842,0.0,2.721,0.698,0,/direct/sdcc+u/lchen6/cpu_logs/0065_new_agent_cpu_samples100_din1024_dout1024_read4194304_write4194304.log
1,66,new_agent,cpu,100,1024,1024,8388608,8388608,0.901968976482749,0.30287647247314453,0.0,2.702,0.647,0,/direct/sdcc+u/lchen6/cpu_logs/0066_new_agent_cpu_samples100_din1024_dout1024_read8388608_write8388608.log
1,67,new_agent,cpu,100,1024,1024,16777216,16777216,0.7390561131760478,0.24547934532165527,0.0,2.612,0.701,0,/direct/sdcc+u/lchen6/cpu_logs/0067_new_agent_cpu_samples100_din1024_dout1024_read16777216_write16777216.log
1,68,new_agent,cpu,100,1024,1024,33554432,33554432,0.9898555092513561,0.3250846862792969,0.0,2.643,0.597,0,/direct/sdcc+u/lchen6/cpu_logs/0068_new_agent_cpu_samples100_din1024_dout1024_read33554432_write33554432.log
1,69,new_agent,cpu,100,1024,1024,67108864,67108864,0.8145247446373105,0.30103468894958496,0.0,2.482,0.663,0,/direct/sdcc+u/lchen6/cpu_logs/0069_new_agent_cpu_samples100_din1024_dout1024_read67108864_write67108864.log
1,70,new_agent,cpu,100,1024,1024,134217728,134217728,1.2471220269799232,0.38260650634765625,0.0,2.354,0.462,0,/direct/sdcc+u/lchen6/cpu_logs/0070_new_agent_cpu_samples100_din1024_dout1024_read134217728_write134217728.log
1,71,new_agent,cpu,100,1024,1024,268435456,268435456,1.1256694663316011,0.5998430252075195,0.0,2.224,0.623,0,/direct/sdcc+u/lchen6/cpu_logs/0071_new_agent_cpu_samples100_din1024_dout1024_read268435456_write268435456.log
1,72,new_agent,cpu,100,1024,1024,536870912,536870912,1.4536122735589743,0.9192349910736084,0.0,1.882,0.572,0,/direct/sdcc+u/lchen6/cpu_logs/0072_new_agent_cpu_samples100_din1024_dout1024_read536870912_write536870912.log
1,73,new_agent,cpu,100,2048,2048,4194304,4194304,4.002928406000137,3.453387498855591,0.0,1.466,0.934,0,/direct/sdcc+u/lchen6/cpu_logs/0073_new_agent_cpu_samples100_din2048_dout2048_read4194304_write4194304.log
1,74,new_agent,cpu,100,2048,2048,8388608,8388608,3.8250273717567325,3.3380143642425537,0.0,1.436,0.946,0,/direct/sdcc+u/lchen6/cpu_logs/0074_new_agent_cpu_samples100_din2048_dout2048_read8388608_write8388608.log
1,75,new_agent,cpu,100,2048,2048,16777216,16777216,4.292453594505787,3.3999180793762207,0.0,1.438,0.857,0,/direct/sdcc+u/lchen6/cpu_logs/0075_new_agent_cpu_samples100_din2048_dout2048_read16777216_write16777216.log
1,76,new_agent,cpu,100,2048,2048,33554432,33554432,3.8588066650554538,3.3682126998901367,0.0,1.432,0.942,0,/direct/sdcc+u/lchen6/cpu_logs/0076_new_agent_cpu_samples100_din2048_dout2048_read33554432_write33554432.log
1,77,new_agent,cpu,100,2048,2048,67108864,67108864,4.097451682202518,3.5852556228637695,0.0,1.423,0.915,0,/direct/sdcc+u/lchen6/cpu_logs/0077_new_agent_cpu_samples100_din2048_dout2048_read67108864_write67108864.log
1,78,new_agent,cpu,100,2048,2048,134217728,134217728,4.074282548390329,3.403123140335083,0.0,1.459,0.884,0,/direct/sdcc+u/lchen6/cpu_logs/0078_new_agent_cpu_samples100_din2048_dout2048_read134217728_write134217728.log
1,79,new_agent,cpu,100,2048,2048,268435456,268435456,4.2581899762153625,3.7534358501434326,0.0,1.387,0.905,0,/direct/sdcc+u/lchen6/cpu_logs/0079_new_agent_cpu_samples100_din2048_dout2048_read268435456_write268435456.log
1,80,new_agent,cpu,100,2048,2048,536870912,536870912,4.591349589638412,3.9608254432678223,0.0,1.336,0.844,0,/direct/sdcc+u/lchen6/cpu_logs/0080_new_agent_cpu_samples100_din2048_dout2048_read536870912_write536870912.log
1,81,new_agent,cpu,100,4096,4096,4194304,4194304,13.805584187619388,13.268007755279541,0.0,1.19,0.982,0,/direct/sdcc+u/lchen6/cpu_logs/0081_new_agent_cpu_samples100_din4096_dout4096_read4194304_write4194304.log
1,82,new_agent,cpu,100,4096,4096,8388608,8388608,14.069116679951549,13.596397638320923,0.0,1.159,0.986,0,/direct/sdcc+u/lchen6/cpu_logs/0082_new_agent_cpu_samples100_din4096_dout4096_read8388608_write8388608.log
1,83,new_agent,cpu,100,4096,4096,16777216,16777216,14.20563350059092,13.667762756347656,0.0,1.157,0.979,0,/direct/sdcc+u/lchen6/cpu_logs/0083_new_agent_cpu_samples100_din4096_dout4096_read16777216_write16777216.log
1,84,new_agent,cpu,100,4096,4096,33554432,33554432,14.174490047618747,13.668789148330688,0.0,1.157,0.984,0,/direct/sdcc+u/lchen6/cpu_logs/0084_new_agent_cpu_samples100_din4096_dout4096_read33554432_write33554432.log
1,85,new_agent,cpu,100,4096,4096,67108864,67108864,14.0889563113451,13.573877096176147,0.0,1.155,0.981,0,/direct/sdcc+u/lchen6/cpu_logs/0085_new_agent_cpu_samples100_din4096_dout4096_read67108864_write67108864.log
1,86,new_agent,cpu,100,4096,4096,134217728,134217728,14.273010989651084,13.785684823989868,0.0,1.16,0.979,0,/direct/sdcc+u/lchen6/cpu_logs/0086_new_agent_cpu_samples100_din4096_dout4096_read134217728_write134217728.log
1,87,new_agent,cpu,100,4096,4096,268435456,268435456,14.302045772783458,13.787646293640137,0.0,1.161,0.971,0,/direct/sdcc+u/lchen6/cpu_logs/0087_new_agent_cpu_samples100_din4096_dout4096_read268435456_write268435456.log
1,88,new_agent,cpu,100,4096,4096,536870912,536870912,14.578151589259505,14.035704851150513,0.0,1.158,0.954,0,/direct/sdcc+u/lchen6/cpu_logs/0088_new_agent_cpu_samples100_din4096_dout4096_read536870912_write536870912.log
1,89,new_agent,cpu,100,8192,8192,4194304,4194304,53.99625071976334,53.387192487716675,0.0,1.164,0.994,0,/direct/sdcc+u/lchen6/cpu_logs/0089_new_agent_cpu_samples100_din8192_dout8192_read4194304_write4194304.log
1,90,new_agent,cpu,100,8192,8192,8388608,8388608,54.14967051614076,53.665205240249634,0.0,1.15,0.996,0,/direct/sdcc+u/lchen6/cpu_logs/0090_new_agent_cpu_samples100_din8192_dout8192_read8388608_write8388608.log
1,91,new_agent,cpu,100,8192,8192,16777216,16777216,54.41793192271143,53.91269326210022,0.0,1.15,0.995,0,/direct/sdcc+u/lchen6/cpu_logs/0091_new_agent_cpu_samples100_din8192_dout8192_read16777216_write16777216.log
1,92,new_agent,cpu,100,8192,8192,33554432,33554432,54.56638960260898,54.005961179733276,0.0,1.148,0.994,0,/direct/sdcc+u/lchen6/cpu_logs/0092_new_agent_cpu_samples100_din8192_dout8192_read33554432_write33554432.log
1,93,new_agent,cpu,100,8192,8192,67108864,67108864,54.27049446757883,53.702330112457275,0.0,1.145,0.994,0,/direct/sdcc+u/lchen6/cpu_logs/0093_new_agent_cpu_samples100_din8192_dout8192_read67108864_write67108864.log
1,94,new_agent,cpu,100,8192,8192,134217728,134217728,54.58879707567394,54.084033250808716,0.0,1.14,0.994,0,/direct/sdcc+u/lchen6/cpu_logs/0094_new_agent_cpu_samples100_din8192_dout8192_read134217728_write134217728.log
1,95,new_agent,cpu,100,8192,8192,268435456,268435456,54.915733580477536,54.41538214683533,0.0,1.144,0.993,0,/direct/sdcc+u/lchen6/cpu_logs/0095_new_agent_cpu_samples100_din8192_dout8192_read268435456_write268435456.log
1,96,new_agent,cpu,100,8192,8192,536870912,536870912,55.42849804647267,54.88592505455017,0.0,1.139,0.988,0,/direct/sdcc+u/lchen6/cpu_logs/0096_new_agent_cpu_samples100_din8192_dout8192_read536870912_write536870912.log
1,97,new_agent,cpu,100,16384,16384,4194304,4194304,215.0409940322861,214.47394180297852,0.0,1.148,0.999,0,/direct/sdcc+u/lchen6/cpu_logs/0097_new_agent_cpu_samples100_din16384_dout16384_read4194304_write4194304.log
1,98,new_agent,cpu,100,16384,16384,8388608,8388608,212.83539195824414,212.26849484443665,0.0,1.161,0.999,0,/direct/sdcc+u/lchen6/cpu_logs/0098_new_agent_cpu_samples100_din16384_dout16384_read8388608_write8388608.log
1,99,new_agent,cpu,100,16384,16384,16777216,16777216,213.24455513618886,212.75909543037415,0.0,1.153,0.999,0,/direct/sdcc+u/lchen6/cpu_logs/0099_new_agent_cpu_samples100_din16384_dout16384_read16777216_write16777216.log
1,100,new_agent,cpu,100,16384,16384,33554432,33554432,213.42398679535836,212.955659866333,0.0,1.147,0.999,0,/direct/sdcc+u/lchen6/cpu_logs/0100_new_agent_cpu_samples100_din16384_dout16384_read33554432_write33554432.log
1,101,new_agent,cpu,100,16384,16384,67108864,67108864,214.88058623299003,214.375568151474,0.0,1.147,0.999,0,/direct/sdcc+u/lchen6/cpu_logs/0101_new_agent_cpu_samples100_din16384_dout16384_read67108864_write67108864.log
1,102,new_agent,cpu,100,16384,16384,134217728,134217728,217.47804206609726,216.87715888023376,0.0,1.138,0.998,0,/direct/sdcc+u/lchen6/cpu_logs/0102_new_agent_cpu_samples100_din16384_dout16384_read134217728_write134217728.log
1,103,new_agent,cpu,100,16384,16384,268435456,268435456,222.06902254372835,221.42902255058289,0.0,1.087,0.998,0,/direct/sdcc+u/lchen6/cpu_logs/0103_new_agent_cpu_samples100_din16384_dout16384_read268435456_write268435456.log
1,104,new_agent,cpu,100,16384,16384,536870912,536870912,223.42545315809548,222.78680062294006,0.0,1.09,0.997,0,/direct/sdcc+u/lchen6/cpu_logs/0104_new_agent_cpu_samples100_din16384_dout16384_read536870912_write536870912.log
1,105,new_agent,cpu,100,32768,32768,4194304,4194304,881.0038018552586,880.3440835475922,0.0,1.067,1.0,0,/direct/sdcc+u/lchen6/cpu_logs/0105_new_agent_cpu_samples100_din32768_dout32768_read4194304_write4194304.log
1,106,new_agent,cpu,100,32768,32768,8388608,8388608,873.0191608825698,872.41264295578,0.0,1.084,1.0,0,/direct/sdcc+u/lchen6/cpu_logs/0106_new_agent_cpu_samples100_din32768_dout32768_read8388608_write8388608.log
1,107,new_agent,cpu,100,32768,32768,16777216,16777216,874.7636383194476,874.1328620910645,0.0,1.084,1.0,0,/direct/sdcc+u/lchen6/cpu_logs/0107_new_agent_cpu_samples100_din32768_dout32768_read16777216_write16777216.log
1,108,new_agent,cpu,100,32768,32768,33554432,33554432,859.5132422205061,858.9025812149048,0.0,1.11,1.0,0,/direct/sdcc+u/lchen6/cpu_logs/0108_new_agent_cpu_samples100_din32768_dout32768_read33554432_write33554432.log
1,109,new_agent,cpu,100,32768,32768,67108864,67108864,841.5383711354807,840.9715178012848,0.0,1.14,1.0,0,/direct/sdcc+u/lchen6/cpu_logs/0109_new_agent_cpu_samples100_din32768_dout32768_read67108864_write67108864.log
1,110,new_agent,cpu,100,32768,32768,134217728,134217728,840.3344416385517,839.7368230819702,0.0,1.142,0.999,0,/direct/sdcc+u/lchen6/cpu_logs/0110_new_agent_cpu_samples100_din32768_dout32768_read134217728_write134217728.log
1,111,new_agent,cpu,100,32768,32768,268435456,268435456,840.8397926259786,840.2254877090454,0.0,1.149,0.999,0,/direct/sdcc+u/lchen6/cpu_logs/0111_new_agent_cpu_samples100_din32768_dout32768_read268435456_write268435456.log
1,112,new_agent,cpu,100,32768,32768,536870912,536870912,845.7172558922321,845.0739965438843,0.0,1.129,0.999,0,/direct/sdcc+u/lchen6/cpu_logs/0112_new_agent_cpu_samples100_din32768_dout32768_read536870912_write536870912.log
1,113,new_training,cpu,100,4,4,4194304,4194304,0.757330872118473,0.02704787254333496,0.0,1.905,0.459,0,/direct/sdcc+u/lchen6/cpu_logs/0113_new_training_cpu_samples100_din4_dout4_read4194304_write4194304.log
1,114,new_training,cpu,100,4,4,8388608,8388608,0.5599163779988885,0.030895233154296875,0.0,1.922,0.613,0,/direct/sdcc+u/lchen6/cpu_logs/0114_new_training_cpu_samples100_din4_dout4_read8388608_write8388608.log
1,115,new_training,cpu,100,4,4,16777216,16777216,0.571928771212697,0.04105663299560547,0.0,1.91,0.605,0,/direct/sdcc+u/lchen6/cpu_logs/0115_new_training_cpu_samples100_din4_dout4_read16777216_write16777216.log
1,116,new_training,cpu,100,4,4,33554432,33554432,0.5921672908589244,0.06109905242919922,0.0,1.901,0.595,0,/direct/sdcc+u/lchen6/cpu_logs/0116_new_training_cpu_samples100_din4_dout4_read33554432_write33554432.log
1,117,new_training,cpu,100,4,4,67108864,67108864,0.6484731556847692,0.09917759895324707,0.0,1.799,0.564,0,/direct/sdcc+u/lchen6/cpu_logs/0117_new_training_cpu_samples100_din4_dout4_read67108864_write67108864.log
1,118,new_training,cpu,100,4,4,134217728,134217728,0.7360406015068293,0.18132352828979492,0.0,1.64,0.545,0,/direct/sdcc+u/lchen6/cpu_logs/0118_new_training_cpu_samples100_din4_dout4_read134217728_write134217728.log
1,119,new_training,cpu,100,4,4,268435456,268435456,0.9183357609435916,0.3391246795654297,0.0,1.384,0.518,0,/direct/sdcc+u/lchen6/cpu_logs/0119_new_training_cpu_samples100_din4_dout4_read268435456_write268435456.log
1,120,new_training,cpu,100,4,4,536870912,536870912,1.2362568089738488,0.6532151699066162,0.0,1.08,0.492,0,/direct/sdcc+u/lchen6/cpu_logs/0120_new_training_cpu_samples100_din4_dout4_read536870912_write536870912.log
1,121,new_training,cpu,100,8,8,4194304,4194304,0.618101866915822,0.025887727737426758,0.0,1.992,0.547,0,/direct/sdcc+u/lchen6/cpu_logs/0121_new_training_cpu_samples100_din8_dout8_read4194304_write4194304.log
1,122,new_training,cpu,100,8,8,8388608,8388608,0.5826465515419841,0.032326698303222656,0.0,1.941,0.585,0,/direct/sdcc+u/lchen6/cpu_logs/0122_new_training_cpu_samples100_din8_dout8_read8388608_write8388608.log
1,123,new_training,cpu,100,8,8,16777216,16777216,0.6207482935860753,0.043235063552856445,0.0,1.887,0.572,0,/direct/sdcc+u/lchen6/cpu_logs/0123_new_training_cpu_samples100_din8_dout8_read16777216_write16777216.log
1,124,new_training,cpu,100,8,8,33554432,33554432,0.6003218004480004,0.06192517280578613,0.0,1.873,0.594,0,/direct/sdcc+u/lchen6/cpu_logs/0124_new_training_cpu_samples100_din8_dout8_read33554432_write33554432.log
1,125,new_training,cpu,100,8,8,67108864,67108864,0.6381139699369669,0.0998067855834961,0.0,1.79,0.577,0,/direct/sdcc+u/lchen6/cpu_logs/0125_new_training_cpu_samples100_din8_dout8_read67108864_write67108864.log
1,126,new_training,cpu,100,8,8,134217728,134217728,0.7358803609386086,0.17879247665405273,0.0,1.628,0.548,0,/direct/sdcc+u/lchen6/cpu_logs/0126_new_training_cpu_samples100_din8_dout8_read134217728_write134217728.log
1,127,new_training,cpu,100,8,8,268435456,268435456,0.9023131197318435,0.3375101089477539,0.0,1.394,0.524,0,/direct/sdcc+u/lchen6/cpu_logs/0127_new_training_cpu_samples100_din8_dout8_read268435456_write268435456.log
1,128,new_training,cpu,100,8,8,536870912,536870912,1.2337340777739882,0.6557323932647705,0.0,1.094,0.488,0,/direct/sdcc+u/lchen6/cpu_logs/0128_new_training_cpu_samples100_din8_dout8_read536870912_write536870912.log
1,129,new_training,cpu,100,16,16,4194304,4194304,0.6426984900608659,0.028507709503173828,0.0,1.956,0.528,0,/direct/sdcc+u/lchen6/cpu_logs/0129_new_training_cpu_samples100_din16_dout16_read4194304_write4194304.log
1,130,new_training,cpu,100,16,16,8388608,8388608,0.608853847719729,0.03435683250427246,0.0,1.977,0.563,0,/direct/sdcc+u/lchen6/cpu_logs/0130_new_training_cpu_samples100_din16_dout16_read8388608_write8388608.log
1,131,new_training,cpu,100,16,16,16777216,16777216,0.5963801136240363,0.04265856742858887,0.0,1.916,0.58,0,/direct/sdcc+u/lchen6/cpu_logs/0131_new_training_cpu_samples100_din16_dout16_read16777216_write16777216.log
1,132,new_training,cpu,100,16,16,33554432,33554432,0.6720469519495964,0.06418919563293457,0.0,1.889,0.531,0,/direct/sdcc+u/lchen6/cpu_logs/0132_new_training_cpu_samples100_din16_dout16_read33554432_write33554432.log
1,133,new_training,cpu,100,16,16,67108864,67108864,0.6698713032528758,0.10294795036315918,0.0,1.822,0.553,0,/direct/sdcc+u/lchen6/cpu_logs/0133_new_training_cpu_samples100_din16_dout16_read67108864_write67108864.log
1,134,new_training,cpu,100,16,16,134217728,134217728,0.7812846982851624,0.18016552925109863,0.0,1.643,0.517,0,/direct/sdcc+u/lchen6/cpu_logs/0134_new_training_cpu_samples100_din16_dout16_read134217728_write134217728.log
1,135,new_training,cpu,100,16,16,268435456,268435456,0.9383832067251205,0.340604305267334,0.0,1.418,0.499,0,/direct/sdcc+u/lchen6/cpu_logs/0135_new_training_cpu_samples100_din16_dout16_read268435456_write268435456.log
1,136,new_training,cpu,100,16,16,536870912,536870912,1.2724747061729431,0.6564352512359619,0.0,1.096,0.477,0,/direct/sdcc+u/lchen6/cpu_logs/0136_new_training_cpu_samples100_din16_dout16_read536870912_write536870912.log
1,137,new_training,cpu,100,32,32,4194304,4194304,0.619622110389173,0.028452396392822266,0.0,1.947,0.561,0,/direct/sdcc+u/lchen6/cpu_logs/0137_new_training_cpu_samples100_din32_dout32_read4194304_write4194304.log
1,138,new_training,cpu,100,32,32,8388608,8388608,0.5671954685822129,0.03243112564086914,0.0,1.984,0.595,0,/direct/sdcc+u/lchen6/cpu_logs/0138_new_training_cpu_samples100_din32_dout32_read8388608_write8388608.log
1,139,new_training,cpu,100,32,32,16777216,16777216,0.5704723251983523,0.04166913032531738,0.0,1.957,0.598,0,/direct/sdcc+u/lchen6/cpu_logs/0139_new_training_cpu_samples100_din32_dout32_read16777216_write16777216.log
1,140,new_training,cpu,100,32,32,33554432,33554432,0.5880109639838338,0.0615236759185791,0.0,1.894,0.6,0,/direct/sdcc+u/lchen6/cpu_logs/0140_new_training_cpu_samples100_din32_dout32_read33554432_write33554432.log
1,141,new_training,cpu,100,32,32,67108864,67108864,0.6392215555533767,0.10317420959472656,0.0,1.813,0.577,0,/direct/sdcc+u/lchen6/cpu_logs/0141_new_training_cpu_samples100_din32_dout32_read67108864_write67108864.log
1,142,new_training,cpu,100,32,32,134217728,134217728,0.7340599503368139,0.18052411079406738,0.0,1.651,0.55,0,/direct/sdcc+u/lchen6/cpu_logs/0142_new_training_cpu_samples100_din32_dout32_read134217728_write134217728.log
1,143,new_training,cpu,100,32,32,268435456,268435456,0.8935043644160032,0.3403191566467285,0.0,1.443,0.517,0,/direct/sdcc+u/lchen6/cpu_logs/0143_new_training_cpu_samples100_din32_dout32_read268435456_write268435456.log
1,144,new_training,cpu,100,32,32,536870912,536870912,1.241586808115244,0.6569759845733643,0.0,1.1,0.485,0,/direct/sdcc+u/lchen6/cpu_logs/0144_new_training_cpu_samples100_din32_dout32_read536870912_write536870912.log
1,145,new_training,cpu,100,64,64,4194304,4194304,0.6209368472918868,0.028957128524780273,0.0,1.966,0.549,0,/direct/sdcc+u/lchen6/cpu_logs/0145_new_training_cpu_samples100_din64_dout64_read4194304_write4194304.log
1,146,new_training,cpu,100,64,64,8388608,8388608,0.5711725819855928,0.0356755256652832,0.0,1.985,0.592,0,/direct/sdcc+u/lchen6/cpu_logs/0146_new_training_cpu_samples100_din64_dout64_read8388608_write8388608.log
1,147,new_training,cpu,100,64,64,16777216,16777216,0.5782451033592224,0.04387378692626953,0.0,1.94,0.598,0,/direct/sdcc+u/lchen6/cpu_logs/0147_new_training_cpu_samples100_din64_dout64_read16777216_write16777216.log
1,148,new_training,cpu,100,64,64,33554432,33554432,0.6159977754577994,0.06418824195861816,0.0,1.9,0.573,0,/direct/sdcc+u/lchen6/cpu_logs/0148_new_training_cpu_samples100_din64_dout64_read33554432_write33554432.log
1,149,new_training,cpu,100,64,64,67108864,67108864,0.6407204372808337,0.10239291191101074,0.0,1.828,0.573,0,/direct/sdcc+u/lchen6/cpu_logs/0149_new_training_cpu_samples100_din64_dout64_read67108864_write67108864.log
1,150,new_training,cpu,100,64,64,134217728,134217728,0.7564412886276841,0.1815929412841797,0.0,1.65,0.538,0,/direct/sdcc+u/lchen6/cpu_logs/0150_new_training_cpu_samples100_din64_dout64_read134217728_write134217728.log
1,151,new_training,cpu,100,64,64,268435456,268435456,0.8971310434862971,0.3384265899658203,0.0,1.473,0.512,0,/direct/sdcc+u/lchen6/cpu_logs/0151_new_training_cpu_samples100_din64_dout64_read268435456_write268435456.log
1,152,new_training,cpu,100,64,64,536870912,536870912,1.2613479271531105,0.6593921184539795,0.0,1.124,0.479,0,/direct/sdcc+u/lchen6/cpu_logs/0152_new_training_cpu_samples100_din64_dout64_read536870912_write536870912.log
1,153,new_training,cpu,100,128,128,4194304,4194304,0.6319499015808105,0.047780513763427734,0.0,2.069,0.564,0,/direct/sdcc+u/lchen6/cpu_logs/0153_new_training_cpu_samples100_din128_dout128_read4194304_write4194304.log
1,154,new_training,cpu,100,128,128,8388608,8388608,0.5867750504985452,0.05243229866027832,0.0,1.986,0.623,0,/direct/sdcc+u/lchen6/cpu_logs/0154_new_training_cpu_samples100_din128_dout128_read8388608_write8388608.log
1,155,new_training,cpu,100,128,128,16777216,16777216,0.6025642864406109,0.06118583679199219,0.0,2.003,0.604,0,/direct/sdcc+u/lchen6/cpu_logs/0155_new_training_cpu_samples100_din128_dout128_read16777216_write16777216.log
1,156,new_training,cpu,100,128,128,33554432,33554432,0.6130148163065314,0.08054661750793457,0.0,1.954,0.606,0,/direct/sdcc+u/lchen6/cpu_logs/0156_new_training_cpu_samples100_din128_dout128_read33554432_write33554432.log
1,157,new_training,cpu,100,128,128,67108864,67108864,0.6463394239544868,0.1205143928527832,0.0,1.945,0.586,0,/direct/sdcc+u/lchen6/cpu_logs/0157_new_training_cpu_samples100_din128_dout128_read67108864_write67108864.log
1,158,new_training,cpu,100,128,128,134217728,134217728,0.7751886453479528,0.20171523094177246,0.0,1.741,0.55,0,/direct/sdcc+u/lchen6/cpu_logs/0158_new_training_cpu_samples100_din128_dout128_read134217728_write134217728.log
1,159,new_training,cpu,100,128,128,268435456,268435456,0.9211446000263095,0.3598344326019287,0.0,1.513,0.528,0,/direct/sdcc+u/lchen6/cpu_logs/0159_new_training_cpu_samples100_din128_dout128_read268435456_write268435456.log
1,160,new_training,cpu,100,128,128,536870912,536870912,1.295124319382012,0.6740598678588867,0.0,1.153,0.482,0,/direct/sdcc+u/lchen6/cpu_logs/0160_new_training_cpu_samples100_din128_dout128_read536870912_write536870912.log
1,161,new_training,cpu,100,256,256,4194304,4194304,0.6701467363163829,0.08887815475463867,0.0,2.18,0.592,0,/direct/sdcc+u/lchen6/cpu_logs/0161_new_training_cpu_samples100_din256_dout256_read4194304_write4194304.log
1,162,new_training,cpu,100,256,256,8388608,8388608,0.6329002706333995,0.09304046630859375,0.0,2.161,0.631,0,/direct/sdcc+u/lchen6/cpu_logs/0162_new_training_cpu_samples100_din256_dout256_read8388608_write8388608.log
1,163,new_training,cpu,100,256,256,16777216,16777216,0.6453070649877191,0.1074059009552002,0.0,2.127,0.637,0,/direct/sdcc+u/lchen6/cpu_logs/0163_new_training_cpu_samples100_din256_dout256_read16777216_write16777216.log
1,164,new_training,cpu,100,256,256,33554432,33554432,0.6722789518535137,0.12633109092712402,0.0,2.118,0.613,0,/direct/sdcc+u/lchen6/cpu_logs/0164_new_training_cpu_samples100_din256_dout256_read33554432_write33554432.log
1,165,new_training,cpu,100,256,256,67108864,67108864,0.7376104267314076,0.16309404373168945,0.0,1.986,0.588,0,/direct/sdcc+u/lchen6/cpu_logs/0165_new_training_cpu_samples100_din256_dout256_read67108864_write67108864.log
1,166,new_training,cpu,100,256,256,134217728,134217728,0.7738694790750742,0.24173355102539062,0.0,1.914,0.588,0,/direct/sdcc+u/lchen6/cpu_logs/0166_new_training_cpu_samples100_din256_dout256_read134217728_write134217728.log
1,167,new_training,cpu,100,256,256,268435456,268435456,0.9763726256787777,0.3999159336090088,0.0,1.65,0.541,0,/direct/sdcc+u/lchen6/cpu_logs/0167_new_training_cpu_samples100_din256_dout256_read268435456_write268435456.log
1,168,new_training,cpu,100,256,256,536870912,536870912,1.334150274284184,0.7139170169830322,0.0,1.303,0.496,0,/direct/sdcc+u/lchen6/cpu_logs/0168_new_training_cpu_samples100_din256_dout256_read536870912_write536870912.log
1,169,new_training,cpu,100,512,512,4194304,4194304,0.8305628793314099,0.24934601783752441,0.0,2.465,0.672,0,/direct/sdcc+u/lchen6/cpu_logs/0169_new_training_cpu_samples100_din512_dout512_read4194304_write4194304.log
1,170,new_training,cpu,100,512,512,8388608,8388608,0.7999594686552882,0.25929856300354004,0.0,2.462,0.705,0,/direct/sdcc+u/lchen6/cpu_logs/0170_new_training_cpu_samples100_din512_dout512_read8388608_write8388608.log
1,171,new_training,cpu,100,512,512,16777216,16777216,0.8182711442932487,0.2748730182647705,0.0,2.426,0.71,0,/direct/sdcc+u/lchen6/cpu_logs/0171_new_training_cpu_samples100_din512_dout512_read16777216_write16777216.log
1,172,new_training,cpu,100,512,512,33554432,33554432,0.8374350182712078,0.28987884521484375,0.0,2.399,0.693,0,/direct/sdcc+u/lchen6/cpu_logs/0172_new_training_cpu_samples100_din512_dout512_read33554432_write33554432.log
1,173,new_training,cpu,100,512,512,67108864,67108864,0.8587648430839181,0.31639695167541504,0.0,2.316,0.677,0,/direct/sdcc+u/lchen6/cpu_logs/0173_new_training_cpu_samples100_din512_dout512_read67108864_write67108864.log
1,174,new_training,cpu,100,512,512,134217728,134217728,0.9323319932445884,0.399547815322876,0.0,2.234,0.657,0,/direct/sdcc+u/lchen6/cpu_logs/0174_new_training_cpu_samples100_din512_dout512_read134217728_write134217728.log
1,175,new_training,cpu,100,512,512,268435456,268435456,1.1376302829012275,0.5586717128753662,0.0,1.977,0.603,0,/direct/sdcc+u/lchen6/cpu_logs/0175_new_training_cpu_samples100_din512_dout512_read268435456_write268435456.log
1,176,new_training,cpu,100,512,512,536870912,536870912,1.468135990202427,0.8769216537475586,0.0,1.686,0.554,0,/direct/sdcc+u/lchen6/cpu_logs/0176_new_training_cpu_samples100_din512_dout512_read536870912_write536870912.log
1,177,new_training,cpu,100,1024,1024,4194304,4194304,1.3989469278603792,0.8157134056091309,0.0,2.844,0.801,0,/direct/sdcc+u/lchen6/cpu_logs/0177_new_training_cpu_samples100_din1024_dout1024_read4194304_write4194304.log
1,178,new_training,cpu,100,1024,1024,8388608,8388608,1.3940380504354835,0.8488459587097168,0.0,2.796,0.844,0,/direct/sdcc+u/lchen6/cpu_logs/0178_new_training_cpu_samples100_din1024_dout1024_read8388608_write8388608.log
1,179,new_training,cpu,100,1024,1024,16777216,16777216,1.2294660517945886,0.6907875537872314,0.0,2.75,0.807,0,/direct/sdcc+u/lchen6/cpu_logs/0179_new_training_cpu_samples100_din1024_dout1024_read16777216_write16777216.log
1,180,new_training,cpu,100,1024,1024,33554432,33554432,1.3818656718358397,0.8522391319274902,0.0,2.787,0.827,0,/direct/sdcc+u/lchen6/cpu_logs/0180_new_training_cpu_samples100_din1024_dout1024_read33554432_write33554432.log
1,181,new_training,cpu,100,1024,1024,67108864,67108864,1.4288819171488285,0.8945145606994629,0.0,2.731,0.818,0,/direct/sdcc+u/lchen6/cpu_logs/0181_new_training_cpu_samples100_din1024_dout1024_read67108864_write67108864.log
1,182,new_training,cpu,100,1024,1024,134217728,134217728,1.5152682922780514,0.9718830585479736,0.0,2.686,0.784,0,/direct/sdcc+u/lchen6/cpu_logs/0182_new_training_cpu_samples100_din1024_dout1024_read134217728_write134217728.log
1,183,new_training,cpu,100,1024,1024,268435456,268435456,1.6756366891786456,1.1330821514129639,0.0,2.552,0.75,0,/direct/sdcc+u/lchen6/cpu_logs/0183_new_training_cpu_samples100_din1024_dout1024_read268435456_write268435456.log
1,184,new_training,cpu,100,1024,1024,536870912,536870912,2.1355673437938094,1.4619171619415283,0.0,2.234,0.667,0,/direct/sdcc+u/lchen6/cpu_logs/0184_new_training_cpu_samples100_din1024_dout1024_read536870912_write536870912.log
1,185,new_training,cpu,100,2048,2048,4194304,4194304,6.269453704357147,5.684751987457275,0.0,1.972,0.957,0,/direct/sdcc+u/lchen6/cpu_logs/0185_new_training_cpu_samples100_din2048_dout2048_read4194304_write4194304.log
1,186,new_training,cpu,100,2048,2048,8388608,8388608,6.314046146348119,5.771383047103882,0.0,1.969,0.963,0,/direct/sdcc+u/lchen6/cpu_logs/0186_new_training_cpu_samples100_din2048_dout2048_read8388608_write8388608.log
1,187,new_training,cpu,100,2048,2048,16777216,16777216,6.213709220290184,5.661274194717407,0.0,1.958,0.961,0,/direct/sdcc+u/lchen6/cpu_logs/0187_new_training_cpu_samples100_din2048_dout2048_read16777216_write16777216.log
1,188,new_training,cpu,100,2048,2048,33554432,33554432,6.3154022274538875,5.740081071853638,0.0,1.99,0.954,0,/direct/sdcc+u/lchen6/cpu_logs/0188_new_training_cpu_samples100_din2048_dout2048_read33554432_write33554432.log
1,189,new_training,cpu,100,2048,2048,67108864,67108864,6.285176577046514,5.730354309082031,0.0,1.982,0.953,0,/direct/sdcc+u/lchen6/cpu_logs/0189_new_training_cpu_samples100_din2048_dout2048_read67108864_write67108864.log
1,190,new_training,cpu,100,2048,2048,134217728,134217728,6.410076937638223,5.834820508956909,0.0,1.974,0.944,0,/direct/sdcc+u/lchen6/cpu_logs/0190_new_training_cpu_samples100_din2048_dout2048_read134217728_write134217728.log
1,191,new_training,cpu,100,2048,2048,268435456,268435456,6.629034259356558,6.02558970451355,0.0,1.906,0.928,0,/direct/sdcc+u/lchen6/cpu_logs/0191_new_training_cpu_samples100_din2048_dout2048_read268435456_write268435456.log
1,192,new_training,cpu,100,2048,2048,536870912,536870912,6.686028664000332,6.094595193862915,0.0,1.954,0.902,0,/direct/sdcc+u/lchen6/cpu_logs/0192_new_training_cpu_samples100_din2048_dout2048_read536870912_write536870912.log
1,193,new_training,cpu,100,4096,4096,4194304,4194304,22.867770361714065,22.262749195098877,0.0,1.909,0.987,0,/direct/sdcc+u/lchen6/cpu_logs/0193_new_training_cpu_samples100_din4096_dout4096_read4194304_write4194304.log
1,194,new_training,cpu,100,4096,4096,8388608,8388608,23.020156731829047,22.41809582710266,0.0,1.892,0.988,0,/direct/sdcc+u/lchen6/cpu_logs/0194_new_training_cpu_samples100_din4096_dout4096_read8388608_write8388608.log
1,195,new_training,cpu,100,4096,4096,16777216,16777216,23.030602876096964,22.49305009841919,0.0,1.885,0.99,0,/direct/sdcc+u/lchen6/cpu_logs/0195_new_training_cpu_samples100_din4096_dout4096_read16777216_write16777216.log
1,196,new_training,cpu,100,4096,4096,33554432,33554432,23.147462938912213,22.576959371566772,0.0,1.876,0.988,0,/direct/sdcc+u/lchen6/cpu_logs/0196_new_training_cpu_samples100_din4096_dout4096_read33554432_write33554432.log
1,197,new_training,cpu,100,4096,4096,67108864,67108864,23.20786223374307,22.562224626541138,0.0,1.881,0.984,0,/direct/sdcc+u/lchen6/cpu_logs/0197_new_training_cpu_samples100_din4096_dout4096_read67108864_write67108864.log
1,198,new_training,cpu,100,4096,4096,134217728,134217728,23.287392978556454,22.74541687965393,0.0,1.86,0.986,0,/direct/sdcc+u/lchen6/cpu_logs/0198_new_training_cpu_samples100_din4096_dout4096_read134217728_write134217728.log
1,199,new_training,cpu,100,4096,4096,268435456,268435456,23.35111292079091,22.7824809551239,0.0,1.87,0.982,0,/direct/sdcc+u/lchen6/cpu_logs/0199_new_training_cpu_samples100_din4096_dout4096_read268435456_write268435456.log
1,200,new_training,cpu,100,4096,4096,536870912,536870912,23.70134164299816,23.011948108673096,0.0,1.871,0.969,0,/direct/sdcc+u/lchen6/cpu_logs/0200_new_training_cpu_samples100_din4096_dout4096_read536870912_write536870912.log
1,201,new_training,cpu,100,8192,8192,4194304,4194304,90.41569048818201,89.80747699737549,0.0,1.934,0.997,0,/direct/sdcc+u/lchen6/cpu_logs/0201_new_training_cpu_samples100_din8192_dout8192_read4194304_write4194304.log
1,202,new_training,cpu,100,8192,8192,8388608,8388608,91.31083783786744,90.3025062084198,0.0,1.927,0.992,0,/direct/sdcc+u/lchen6/cpu_logs/0202_new_training_cpu_samples100_din8192_dout8192_read8388608_write8388608.log
1,203,new_training,cpu,100,8192,8192,16777216,16777216,91.19092805497348,90.3118953704834,0.0,1.923,0.994,0,/direct/sdcc+u/lchen6/cpu_logs/0203_new_training_cpu_samples100_din8192_dout8192_read16777216_write16777216.log
1,204,new_training,cpu,100,8192,8192,33554432,33554432,90.95630089007318,90.34930634498596,0.0,1.923,0.997,0,/direct/sdcc+u/lchen6/cpu_logs/0204_new_training_cpu_samples100_din8192_dout8192_read33554432_write33554432.log
1,205,new_training,cpu,100,8192,8192,67108864,67108864,90.96988284029067,90.36409759521484,0.0,1.927,0.996,0,/direct/sdcc+u/lchen6/cpu_logs/0205_new_training_cpu_samples100_din8192_dout8192_read67108864_write67108864.log
1,206,new_training,cpu,100,8192,8192,134217728,134217728,91.1007573613897,90.47049021720886,0.0,1.924,0.996,0,/direct/sdcc+u/lchen6/cpu_logs/0206_new_training_cpu_samples100_din8192_dout8192_read134217728_write134217728.log
1,207,new_training,cpu,100,8192,8192,268435456,268435456,90.86890064831823,90.25127744674683,0.0,1.925,0.995,0,/direct/sdcc+u/lchen6/cpu_logs/0207_new_training_cpu_samples100_din8192_dout8192_read268435456_write268435456.log
1,208,new_training,cpu,100,8192,8192,536870912,536870912,91.72253825794905,91.06905269622803,0.0,1.921,0.992,0,/direct/sdcc+u/lchen6/cpu_logs/0208_new_training_cpu_samples100_din8192_dout8192_read536870912_write536870912.log
1,209,new_training,cpu,100,16384,16384,4194304,4194304,361.06658381037414,360.40747833251953,0.0,1.933,0.999,0,/direct/sdcc+u/lchen6/cpu_logs/0209_new_training_cpu_samples100_din16384_dout16384_read4194304_write4194304.log
1,210,new_training,cpu,100,16384,16384,8388608,8388608,361.4689739579335,360.8469874858856,0.0,1.93,0.999,0,/direct/sdcc+u/lchen6/cpu_logs/0210_new_training_cpu_samples100_din16384_dout16384_read8388608_write8388608.log
1,211,new_training,cpu,100,16384,16384,16777216,16777216,361.53719200287014,360.9067151546478,0.0,1.926,0.999,0,/direct/sdcc+u/lchen6/cpu_logs/0211_new_training_cpu_samples100_din16384_dout16384_read16777216_write16777216.log
1,212,new_training,cpu,100,16384,16384,33554432,33554432,361.50087044853717,360.88091588020325,0.0,1.926,0.999,0,/direct/sdcc+u/lchen6/cpu_logs/0212_new_training_cpu_samples100_din16384_dout16384_read33554432_write33554432.log
1,213,new_training,cpu,100,16384,16384,67108864,67108864,352.35406306851655,351.7428684234619,0.0,1.992,0.999,0,/direct/sdcc+u/lchen6/cpu_logs/0213_new_training_cpu_samples100_din16384_dout16384_read67108864_write67108864.log
1,214,new_training,cpu,100,16384,16384,134217728,134217728,354.5181911205873,353.904931306839,0.0,1.977,0.999,0,/direct/sdcc+u/lchen6/cpu_logs/0214_new_training_cpu_samples100_din16384_dout16384_read134217728_write134217728.log
1,215,new_training,cpu,100,16384,16384,268435456,268435456,361.0240010889247,360.38463163375854,0.0,1.924,0.999,0,/direct/sdcc+u/lchen6/cpu_logs/0215_new_training_cpu_samples100_din16384_dout16384_read268435456_write268435456.log
1,216,new_training,cpu,100,16384,16384,536870912,536870912,362.8847001194954,362.209730386734,0.0,1.917,0.998,0,/direct/sdcc+u/lchen6/cpu_logs/0216_new_training_cpu_samples100_din16384_dout16384_read536870912_write536870912.log
1,217,new_training,cpu,100,32768,32768,4194304,4194304,1334.3394145872444,1333.6412513256073,0.0,1.854,1.0,0,/direct/sdcc+u/lchen6/cpu_logs/0217_new_training_cpu_samples100_din32768_dout32768_read4194304_write4194304.log
1,218,new_training,cpu,100,32768,32768,8388608,8388608,1299.7900423072278,1299.149976015091,0.0,1.905,1.0,0,/direct/sdcc+u/lchen6/cpu_logs/0218_new_training_cpu_samples100_din32768_dout32768_read8388608_write8388608.log
1,219,new_training,cpu,100,32768,32768,16777216,16777216,1272.446742080152,1271.8162832260132,0.0,1.951,1.0,0,/direct/sdcc+u/lchen6/cpu_logs/0219_new_training_cpu_samples100_din32768_dout32768_read16777216_write16777216.log
1,220,new_training,cpu,100,32768,32768,33554432,33554432,1270.7526429723948,1270.037833929062,0.0,1.952,1.0,0,/direct/sdcc+u/lchen6/cpu_logs/0220_new_training_cpu_samples100_din32768_dout32768_read33554432_write33554432.log
1,221,new_training,cpu,100,32768,32768,67108864,67108864,1269.1581204440445,1268.4730863571167,0.0,1.954,1.0,0,/direct/sdcc+u/lchen6/cpu_logs/0221_new_training_cpu_samples100_din32768_dout32768_read67108864_write67108864.log
1,222,new_training,cpu,100,32768,32768,134217728,134217728,1268.1705618221313,1267.5683569908142,0.0,1.949,1.0,0,/direct/sdcc+u/lchen6/cpu_logs/0222_new_training_cpu_samples100_din32768_dout32768_read134217728_write134217728.log
1,223,new_training,cpu,100,32768,32768,268435456,268435456,1268.6488888915628,1268.0154132843018,0.0,1.949,0.999,0,/direct/sdcc+u/lchen6/cpu_logs/0223_new_training_cpu_samples100_din32768_dout32768_read268435456_write268435456.log
1,224,new_training,cpu,100,32768,32768,536870912,536870912,1270.3311624322087,1269.665688276291,0.0,1.95,0.999,0,/direct/sdcc+u/lchen6/cpu_logs/0224_new_training_cpu_samples100_din32768_dout32768_read536870912_write536870912.log
2,225,new_agent,cpu,100,4,4,4194304,4194304,0.7146837515756488,0.03865551948547363,0.0,2.186,0.451,0,/direct/sdcc+u/lchen6/cpu_logs/0225_new_agent_cpu_samples100_din4_dout4_read4194304_write4194304.log
2,226,new_agent,cpu,100,4,4,8388608,8388608,0.5514211719855666,0.0446774959564209,0.0,2.213,0.583,0,/direct/sdcc+u/lchen6/cpu_logs/0226_new_agent_cpu_samples100_din4_dout4_read8388608_write8388608.log
2,227,new_agent,cpu,100,4,4,16777216,16777216,0.5540024572983384,0.048418521881103516,0.0,2.179,0.578,0,/direct/sdcc+u/lchen6/cpu_logs/0227_new_agent_cpu_samples100_din4_dout4_read16777216_write16777216.log
2,228,new_agent,cpu,100,4,4,33554432,33554432,0.5806384366005659,0.0720369815826416,0.0,2.133,0.567,0,/direct/sdcc+u/lchen6/cpu_logs/0228_new_agent_cpu_samples100_din4_dout4_read33554432_write33554432.log
2,229,new_agent,cpu,100,4,4,67108864,67108864,0.6374869141727686,0.11348485946655273,0.0,2.041,0.547,0,/direct/sdcc+u/lchen6/cpu_logs/0229_new_agent_cpu_samples100_din4_dout4_read67108864_write67108864.log
2,230,new_agent,cpu,100,4,4,134217728,134217728,0.7115726256743073,0.19093012809753418,0.0,1.86,0.537,0,/direct/sdcc+u/lchen6/cpu_logs/0230_new_agent_cpu_samples100_din4_dout4_read134217728_write134217728.log
2,231,new_agent,cpu,100,4,4,268435456,268435456,0.8870645659044385,0.34957027435302734,0.0,1.587,0.507,0,/direct/sdcc+u/lchen6/cpu_logs/0231_new_agent_cpu_samples100_din4_dout4_read268435456_write268435456.log
2,232,new_agent,cpu,100,4,4,536870912,536870912,1.2330896500498056,0.6614539623260498,0.0,1.224,0.467,0,/direct/sdcc+u/lchen6/cpu_logs/0232_new_agent_cpu_samples100_din4_dout4_read536870912_write536870912.log
2,233,new_agent,cpu,100,8,8,4194304,4194304,0.6442582048475742,0.033260345458984375,0.0,2.215,0.482,0,/direct/sdcc+u/lchen6/cpu_logs/0233_new_agent_cpu_samples100_din8_dout8_read4194304_write4194304.log
2,234,new_agent,cpu,100,8,8,8388608,8388608,0.5519831636920571,0.03970527648925781,0.0,2.198,0.571,0,/direct/sdcc+u/lchen6/cpu_logs/0234_new_agent_cpu_samples100_din8_dout8_read8388608_write8388608.log
2,235,new_agent,cpu,100,8,8,16777216,16777216,0.5590683929622173,0.047074079513549805,0.0,2.145,0.569,0,/direct/sdcc+u/lchen6/cpu_logs/0235_new_agent_cpu_samples100_din8_dout8_read16777216_write16777216.log
2,236,new_agent,cpu,100,8,8,33554432,33554432,0.5718131447210908,0.06803393363952637,0.0,2.131,0.569,0,/direct/sdcc+u/lchen6/cpu_logs/0236_new_agent_cpu_samples100_din8_dout8_read33554432_write33554432.log
2,237,new_agent,cpu,100,8,8,67108864,67108864,0.6570943929255009,0.10849118232727051,0.0,2.006,0.523,0,/direct/sdcc+u/lchen6/cpu_logs/0237_new_agent_cpu_samples100_din8_dout8_read67108864_write67108864.log
2,238,new_agent,cpu,100,8,8,134217728,134217728,0.7139252899214625,0.18572115898132324,0.0,1.839,0.526,0,/direct/sdcc+u/lchen6/cpu_logs/0238_new_agent_cpu_samples100_din8_dout8_read134217728_write134217728.log
2,239,new_agent,cpu,100,8,8,268435456,268435456,0.879214177839458,0.34160351753234863,0.0,1.554,0.501,0,/direct/sdcc+u/lchen6/cpu_logs/0239_new_agent_cpu_samples100_din8_dout8_read268435456_write268435456.log
2,240,new_agent,cpu,100,8,8,536870912,536870912,1.2275214698165655,0.65433669090271,0.0,1.205,0.463,0,/direct/sdcc+u/lchen6/cpu_logs/0240_new_agent_cpu_samples100_din8_dout8_read536870912_write536870912.log
2,241,new_agent,cpu,100,16,16,4194304,4194304,0.6228502364829183,0.04362130165100098,0.0,2.249,0.513,0,/direct/sdcc+u/lchen6/cpu_logs/0241_new_agent_cpu_samples100_din16_dout16_read4194304_write4194304.log
2,242,new_agent,cpu,100,16,16,8388608,8388608,0.5539336334913969,0.043613433837890625,0.0,2.22,0.576,0,/direct/sdcc+u/lchen6/cpu_logs/0242_new_agent_cpu_samples100_din16_dout16_read8388608_write8388608.log
2,243,new_agent,cpu,100,16,16,16777216,16777216,0.563349761068821,0.0445706844329834,0.0,2.14,0.56,0,/direct/sdcc+u/lchen6/cpu_logs/0243_new_agent_cpu_samples100_din16_dout16_read16777216_write16777216.log
2,244,new_agent,cpu,100,16,16,33554432,33554432,0.5887745283544064,0.07102608680725098,0.0,2.123,0.561,0,/direct/sdcc+u/lchen6/cpu_logs/0244_new_agent_cpu_samples100_din16_dout16_read33554432_write33554432.log
2,245,new_agent,cpu,100,16,16,67108864,67108864,0.6382045820355415,0.1097862720489502,0.0,2.032,0.54,0,/direct/sdcc+u/lchen6/cpu_logs/0245_new_agent_cpu_samples100_din16_dout16_read67108864_write67108864.log
2,246,new_agent,cpu,100,16,16,134217728,134217728,0.7284102570265532,0.18498587608337402,0.0,1.839,0.514,0,/direct/sdcc+u/lchen6/cpu_logs/0246_new_agent_cpu_samples100_din16_dout16_read134217728_write134217728.log
2,247,new_agent,cpu,100,16,16,268435456,268435456,0.903768066316843,0.34705018997192383,0.0,1.573,0.495,0,/direct/sdcc+u/lchen6/cpu_logs/0247_new_agent_cpu_samples100_din16_dout16_read268435456_write268435456.log
2,248,new_agent,cpu,100,16,16,536870912,536870912,1.263282936066389,0.6662783622741699,0.0,1.226,0.46,0,/direct/sdcc+u/lchen6/cpu_logs/0248_new_agent_cpu_samples100_din16_dout16_read536870912_write536870912.log
2,249,new_agent,cpu,100,32,32,4194304,4194304,0.6060479199513793,0.035948991775512695,0.0,2.221,0.52,0,/direct/sdcc+u/lchen6/cpu_logs/0249_new_agent_cpu_samples100_din32_dout32_read4194304_write4194304.log
2,250,new_agent,cpu,100,32,32,8388608,8388608,0.5640640445053577,0.03962850570678711,0.0,2.203,0.558,0,/direct/sdcc+u/lchen6/cpu_logs/0250_new_agent_cpu_samples100_din32_dout32_read8388608_write8388608.log
2,251,new_agent,cpu,100,32,32,16777216,16777216,0.5895337462425232,0.053687095642089844,0.0,2.167,0.547,0,/direct/sdcc+u/lchen6/cpu_logs/0251_new_agent_cpu_samples100_din32_dout32_read16777216_write16777216.log
2,252,new_agent,cpu,100,32,32,33554432,33554432,0.6096063097938895,0.0719139575958252,0.0,2.116,0.543,0,/direct/sdcc+u/lchen6/cpu_logs/0252_new_agent_cpu_samples100_din32_dout32_read33554432_write33554432.log
2,253,new_agent,cpu,100,32,32,67108864,67108864,0.6457550460472703,0.11009001731872559,0.0,2.03,0.534,0,/direct/sdcc+u/lchen6/cpu_logs/0253_new_agent_cpu_samples100_din32_dout32_read67108864_write67108864.log
2,254,new_agent,cpu,100,32,32,134217728,134217728,0.7207898451015353,0.18843674659729004,0.0,1.853,0.522,0,/direct/sdcc+u/lchen6/cpu_logs/0254_new_agent_cpu_samples100_din32_dout32_read134217728_write134217728.log
2,255,new_agent,cpu,100,32,32,268435456,268435456,0.898683805949986,0.3440217971801758,0.0,1.565,0.494,0,/direct/sdcc+u/lchen6/cpu_logs/0255_new_agent_cpu_samples100_din32_dout32_read268435456_write268435456.log
2,256,new_agent,cpu,100,32,32,536870912,536870912,1.2349492842331529,0.657759428024292,0.0,1.22,0.463,0,/direct/sdcc+u/lchen6/cpu_logs/0256_new_agent_cpu_samples100_din32_dout32_read536870912_write536870912.log
2,257,new_agent,cpu,100,64,64,4194304,4194304,0.6075442153960466,0.03580474853515625,0.0,2.201,0.519,0,/direct/sdcc+u/lchen6/cpu_logs/0257_new_agent_cpu_samples100_din64_dout64_read4194304_write4194304.log
2,258,new_agent,cpu,100,64,64,8388608,8388608,0.5559054436162114,0.04449725151062012,0.0,2.233,0.572,0,/direct/sdcc+u/lchen6/cpu_logs/0258_new_agent_cpu_samples100_din64_dout64_read8388608_write8388608.log
2,259,new_agent,cpu,100,64,64,16777216,16777216,0.5733558339998126,0.05148935317993164,0.0,2.183,0.559,0,/direct/sdcc+u/lchen6/cpu_logs/0259_new_agent_cpu_samples100_din64_dout64_read16777216_write16777216.log
2,260,new_agent,cpu,100,64,64,33554432,33554432,0.5947713414207101,0.07107925415039062,0.0,2.126,0.557,0,/direct/sdcc+u/lchen6/cpu_logs/0260_new_agent_cpu_samples100_din64_dout64_read33554432_write33554432.log
2,261,new_agent,cpu,100,64,64,67108864,67108864,0.6513476548716426,0.11823225021362305,0.0,2.062,0.543,0,/direct/sdcc+u/lchen6/cpu_logs/0261_new_agent_cpu_samples100_din64_dout64_read67108864_write67108864.log
2,262,new_agent,cpu,100,64,64,134217728,134217728,0.7301110550761223,0.18627357482910156,0.0,1.837,0.516,0,/direct/sdcc+u/lchen6/cpu_logs/0262_new_agent_cpu_samples100_din64_dout64_read134217728_write134217728.log
2,263,new_agent,cpu,100,64,64,268435456,268435456,0.9093380989506841,0.34769678115844727,0.0,1.554,0.495,0,/direct/sdcc+u/lchen6/cpu_logs/0263_new_agent_cpu_samples100_din64_dout64_read268435456_write268435456.log
2,264,new_agent,cpu,100,64,64,536870912,536870912,1.2522378470748663,0.6651570796966553,0.0,1.242,0.463,0,/direct/sdcc+u/lchen6/cpu_logs/0264_new_agent_cpu_samples100_din64_dout64_read536870912_write536870912.log
2,265,new_agent,cpu,100,128,128,4194304,4194304,0.6364283207803965,0.0431978702545166,0.0,2.236,0.506,0,/direct/sdcc+u/lchen6/cpu_logs/0265_new_agent_cpu_samples100_din128_dout128_read4194304_write4194304.log
2,266,new_agent,cpu,100,128,128,8388608,8388608,0.5693724751472473,0.04669952392578125,0.0,2.216,0.57,0,/direct/sdcc+u/lchen6/cpu_logs/0266_new_agent_cpu_samples100_din128_dout128_read8388608_write8388608.log
2,267,new_agent,cpu,100,128,128,16777216,16777216,0.5652584722265601,0.05742025375366211,0.0,2.207,0.577,0,/direct/sdcc+u/lchen6/cpu_logs/0267_new_agent_cpu_samples100_din128_dout128_read16777216_write16777216.log
2,268,new_agent,cpu,100,128,128,33554432,33554432,0.5916361790150404,0.07976698875427246,0.0,2.139,0.569,0,/direct/sdcc+u/lchen6/cpu_logs/0268_new_agent_cpu_samples100_din128_dout128_read33554432_write33554432.log
2,269,new_agent,cpu,100,128,128,67108864,67108864,0.6515374565497041,0.11592340469360352,0.0,2.045,0.539,0,/direct/sdcc+u/lchen6/cpu_logs/0269_new_agent_cpu_samples100_din128_dout128_read67108864_write67108864.log
2,270,new_agent,cpu,100,128,128,134217728,134217728,0.7366059878841043,0.19401812553405762,0.0,1.877,0.521,0,/direct/sdcc+u/lchen6/cpu_logs/0270_new_agent_cpu_samples100_din128_dout128_read134217728_write134217728.log
2,271,new_agent,cpu,100,128,128,268435456,268435456,0.9124146597459912,0.35529637336730957,0.0,1.607,0.493,0,/direct/sdcc+u/lchen6/cpu_logs/0271_new_agent_cpu_samples100_din128_dout128_read268435456_write268435456.log
2,272,new_agent,cpu,100,128,128,536870912,536870912,1.2461136877536774,0.6637203693389893,0.0,1.251,0.463,0,/direct/sdcc+u/lchen6/cpu_logs/0272_new_agent_cpu_samples100_din128_dout128_read536870912_write536870912.log
2,273,new_agent,cpu,100,256,256,4194304,4194304,0.6389600848779082,0.060420989990234375,0.0,2.296,0.533,0,/direct/sdcc+u/lchen6/cpu_logs/0273_new_agent_cpu_samples100_din256_dout256_read4194304_write4194304.log
2,274,new_agent,cpu,100,256,256,8388608,8388608,0.5914852218702435,0.06586480140686035,0.0,2.282,0.577,0,/direct/sdcc+u/lchen6/cpu_logs/0274_new_agent_cpu_samples100_din256_dout256_read8388608_write8388608.log
2,275,new_agent,cpu,100,256,256,16777216,16777216,0.6525899833068252,0.07384800910949707,0.0,2.247,0.526,0,/direct/sdcc+u/lchen6/cpu_logs/0275_new_agent_cpu_samples100_din256_dout256_read16777216_write16777216.log
2,276,new_agent,cpu,100,256,256,33554432,33554432,0.6467512277886271,0.09416031837463379,0.0,2.193,0.546,0,/direct/sdcc+u/lchen6/cpu_logs/0276_new_agent_cpu_samples100_din256_dout256_read33554432_write33554432.log
2,277,new_agent,cpu,100,256,256,67108864,67108864,0.6835333341732621,0.12995553016662598,0.0,2.101,0.535,0,/direct/sdcc+u/lchen6/cpu_logs/0277_new_agent_cpu_samples100_din256_dout256_read67108864_write67108864.log
2,278,new_agent,cpu,100,256,256,134217728,134217728,0.7779437424615026,0.211165189743042,0.0,1.94,0.516,0,/direct/sdcc+u/lchen6/cpu_logs/0278_new_agent_cpu_samples100_din256_dout256_read134217728_write134217728.log
2,279,new_agent,cpu,100,256,256,268435456,268435456,0.9479855773970485,0.37041568756103516,0.0,1.662,0.491,0,/direct/sdcc+u/lchen6/cpu_logs/0279_new_agent_cpu_samples100_din256_dout256_read268435456_write268435456.log
2,280,new_agent,cpu,100,256,256,536870912,536870912,1.2742656357586384,0.6760396957397461,0.0,1.291,0.463,0,/direct/sdcc+u/lchen6/cpu_logs/0280_new_agent_cpu_samples100_din256_dout256_read536870912_write536870912.log
2,281,new_agent,cpu,100,512,512,4194304,4194304,0.6962217688560486,0.11217761039733887,0.0,2.412,0.563,0,/direct/sdcc+u/lchen6/cpu_logs/0281_new_agent_cpu_samples100_din512_dout512_read4194304_write4194304.log
2,282,new_agent,cpu,100,512,512,8388608,8388608,0.6491201892495155,0.11803197860717773,0.0,2.421,0.605,0,/direct/sdcc+u/lchen6/cpu_logs/0282_new_agent_cpu_samples100_din512_dout512_read8388608_write8388608.log
2,283,new_agent,cpu,100,512,512,16777216,16777216,0.6456419546157122,0.12948894500732422,0.0,2.394,0.621,0,/direct/sdcc+u/lchen6/cpu_logs/0283_new_agent_cpu_samples100_din512_dout512_read16777216_write16777216.log
2,284,new_agent,cpu,100,512,512,33554432,33554432,0.6701867692172527,0.1482694149017334,0.0,2.334,0.613,0,/direct/sdcc+u/lchen6/cpu_logs/0284_new_agent_cpu_samples100_din512_dout512_read33554432_write33554432.log
2,285,new_agent,cpu,100,512,512,67108864,67108864,0.7191402930766344,0.18668103218078613,0.0,2.278,0.587,0,/direct/sdcc+u/lchen6/cpu_logs/0285_new_agent_cpu_samples100_din512_dout512_read67108864_write67108864.log
2,286,new_agent,cpu,100,512,512,134217728,134217728,0.7993004163727164,0.26332831382751465,0.0,2.113,0.565,0,/direct/sdcc+u/lchen6/cpu_logs/0286_new_agent_cpu_samples100_din512_dout512_read134217728_write134217728.log
2,287,new_agent,cpu,100,512,512,268435456,268435456,0.9645144175738096,0.42022037506103516,0.0,1.839,0.534,0,/direct/sdcc+u/lchen6/cpu_logs/0287_new_agent_cpu_samples100_din512_dout512_read268435456_write268435456.log
2,288,new_agent,cpu,100,512,512,536870912,536870912,1.3203723775222898,0.735872745513916,0.0,1.474,0.489,0,/direct/sdcc+u/lchen6/cpu_logs/0288_new_agent_cpu_samples100_din512_dout512_read536870912_write536870912.log
2,289,new_agent,cpu,100,1024,1024,4194304,4194304,0.882618423551321,0.29152631759643555,0.0,2.72,0.649,0,/direct/sdcc+u/lchen6/cpu_logs/0289_new_agent_cpu_samples100_din1024_dout1024_read4194304_write4194304.log
2,290,new_agent,cpu,100,1024,1024,8388608,8388608,0.806455566547811,0.2963716983795166,0.0,2.719,0.712,0,/direct/sdcc+u/lchen6/cpu_logs/0290_new_agent_cpu_samples100_din1024_dout1024_read8388608_write8388608.log
2,291,new_agent,cpu,100,1024,1024,16777216,16777216,0.846756680868566,0.3092386722564697,0.0,2.685,0.689,0,/direct/sdcc+u/lchen6/cpu_logs/0291_new_agent_cpu_samples100_din1024_dout1024_read16777216_write16777216.log
2,292,new_agent,cpu,100,1024,1024,33554432,33554432,0.7892486676573753,0.27892327308654785,0.0,2.594,0.685,0,/direct/sdcc+u/lchen6/cpu_logs/0292_new_agent_cpu_samples100_din1024_dout1024_read33554432_write33554432.log
2,293,new_agent,cpu,100,1024,1024,67108864,67108864,0.8190196761861444,0.2993786334991455,0.0,2.483,0.656,0,/direct/sdcc+u/lchen6/cpu_logs/0293_new_agent_cpu_samples100_din1024_dout1024_read67108864_write67108864.log
2,294,new_agent,cpu,100,1024,1024,134217728,134217728,0.9106656862422824,0.3784754276275635,0.0,2.342,0.628,0,/direct/sdcc+u/lchen6/cpu_logs/0294_new_agent_cpu_samples100_din1024_dout1024_read134217728_write134217728.log
2,295,new_agent,cpu,100,1024,1024,268435456,268435456,1.0902571165934205,0.5515224933624268,0.0,2.14,0.597,0,/direct/sdcc+u/lchen6/cpu_logs/0295_new_agent_cpu_samples100_din1024_dout1024_read268435456_write268435456.log
2,296,new_agent,cpu,100,1024,1024,536870912,536870912,1.47352278791368,0.9115684032440186,0.0,1.886,0.559,0,/direct/sdcc+u/lchen6/cpu_logs/0296_new_agent_cpu_samples100_din1024_dout1024_read536870912_write536870912.log
2,297,new_agent,cpu,100,2048,2048,4194304,4194304,3.8321988014504313,3.252774715423584,0.0,1.447,0.923,0,/direct/sdcc+u/lchen6/cpu_logs/0297_new_agent_cpu_samples100_din2048_dout2048_read4194304_write4194304.log
2,298,new_agent,cpu,100,2048,2048,8388608,8388608,3.7539623714983463,3.2237586975097656,0.0,1.487,0.934,0,/direct/sdcc+u/lchen6/cpu_logs/0298_new_agent_cpu_samples100_din2048_dout2048_read8388608_write8388608.log
2,299,new_agent,cpu,100,2048,2048,16777216,16777216,3.92654771450907,3.3066625595092773,0.0,1.437,0.915,0,/direct/sdcc+u/lchen6/cpu_logs/0299_new_agent_cpu_samples100_din2048_dout2048_read16777216_write16777216.log
2,300,new_agent,cpu,100,2048,2048,33554432,33554432,3.7957966830581427,3.290836811065674,0.0,1.439,0.936,0,/direct/sdcc+u/lchen6/cpu_logs/0300_new_agent_cpu_samples100_din2048_dout2048_read33554432_write33554432.log
2,301,new_agent,cpu,100,2048,2048,67108864,67108864,3.9399311495944858,3.4021525382995605,0.0,1.431,0.922,0,/direct/sdcc+u/lchen6/cpu_logs/0301_new_agent_cpu_samples100_din2048_dout2048_read67108864_write67108864.log
2,302,new_agent,cpu,100,2048,2048,134217728,134217728,3.9461144050583243,3.3969316482543945,0.0,1.436,0.91,0,/direct/sdcc+u/lchen6/cpu_logs/0302_new_agent_cpu_samples100_din2048_dout2048_read134217728_write134217728.log
2,303,new_agent,cpu,100,2048,2048,268435456,268435456,4.092117513529956,3.544903516769409,0.0,1.432,0.891,0,/direct/sdcc+u/lchen6/cpu_logs/0303_new_agent_cpu_samples100_din2048_dout2048_read268435456_write268435456.log
2,304,new_agent,cpu,100,2048,2048,536870912,536870912,4.459473020397127,3.8785595893859863,0.0,1.379,0.85,0,/direct/sdcc+u/lchen6/cpu_logs/0304_new_agent_cpu_samples100_din2048_dout2048_read536870912_write536870912.log
2,305,new_agent,cpu,100,4096,4096,4194304,4194304,14.00697338487953,13.42229676246643,0.0,1.178,0.979,0,/direct/sdcc+u/lchen6/cpu_logs/0305_new_agent_cpu_samples100_din4096_dout4096_read4194304_write4194304.log
2,306,new_agent,cpu,100,4096,4096,8388608,8388608,14.034663861617446,13.514228820800781,0.0,1.169,0.983,0,/direct/sdcc+u/lchen6/cpu_logs/0306_new_agent_cpu_samples100_din4096_dout4096_read8388608_write8388608.log
2,307,new_agent,cpu,100,4096,4096,16777216,16777216,14.063630449585617,13.543874263763428,0.0,1.162,0.983,0,/direct/sdcc+u/lchen6/cpu_logs/0307_new_agent_cpu_samples100_din4096_dout4096_read16777216_write16777216.log
2,308,new_agent,cpu,100,4096,4096,33554432,33554432,14.17604906577617,13.583796977996826,0.0,1.169,0.977,0,/direct/sdcc+u/lchen6/cpu_logs/0308_new_agent_cpu_samples100_din4096_dout4096_read33554432_write33554432.log
2,309,new_agent,cpu,100,4096,4096,67108864,67108864,14.11846846807748,13.603249549865723,0.0,1.166,0.98,0,/direct/sdcc+u/lchen6/cpu_logs/0309_new_agent_cpu_samples100_din4096_dout4096_read67108864_write67108864.log
2,310,new_agent,cpu,100,4096,4096,134217728,134217728,14.211606599390507,13.679809093475342,0.0,1.163,0.976,0,/direct/sdcc+u/lchen6/cpu_logs/0310_new_agent_cpu_samples100_din4096_dout4096_read134217728_write134217728.log
2,311,new_agent,cpu,100,4096,4096,268435456,268435456,14.390493030659854,13.831066846847534,0.0,1.151,0.968,0,/direct/sdcc+u/lchen6/cpu_logs/0311_new_agent_cpu_samples100_din4096_dout4096_read268435456_write268435456.log
2,312,new_agent,cpu,100,4096,4096,536870912,536870912,14.752991854213178,14.161813974380493,0.0,1.146,0.954,0,/direct/sdcc+u/lchen6/cpu_logs/0312_new_agent_cpu_samples100_din4096_dout4096_read536870912_write536870912.log
2,313,new_agent,cpu,100,8192,8192,4194304,4194304,54.12116287369281,53.447264671325684,0.0,1.157,0.993,0,/direct/sdcc+u/lchen6/cpu_logs/0313_new_agent_cpu_samples100_din8192_dout8192_read4194304_write4194304.log
2,314,new_agent,cpu,100,8192,8192,8388608,8388608,54.14097476284951,53.60558366775513,0.0,1.153,0.995,0,/direct/sdcc+u/lchen6/cpu_logs/0314_new_agent_cpu_samples100_din8192_dout8192_read8388608_write8388608.log
2,315,new_agent,cpu,100,8192,8192,16777216,16777216,54.21796193532646,53.64434814453125,0.0,1.152,0.995,0,/direct/sdcc+u/lchen6/cpu_logs/0315_new_agent_cpu_samples100_din8192_dout8192_read16777216_write16777216.log
2,316,new_agent,cpu,100,8192,8192,33554432,33554432,54.072597002610564,53.56090331077576,0.0,1.145,0.995,0,/direct/sdcc+u/lchen6/cpu_logs/0316_new_agent_cpu_samples100_din8192_dout8192_read33554432_write33554432.log
2,317,new_agent,cpu,100,8192,8192,67108864,67108864,54.391497699543834,53.78712844848633,0.0,1.15,0.993,0,/direct/sdcc+u/lchen6/cpu_logs/0317_new_agent_cpu_samples100_din8192_dout8192_read67108864_write67108864.log
2,318,new_agent,cpu,100,8192,8192,134217728,134217728,54.36616332177073,53.837451696395874,0.0,1.142,0.994,0,/direct/sdcc+u/lchen6/cpu_logs/0318_new_agent_cpu_samples100_din8192_dout8192_read134217728_write134217728.log
2,319,new_agent,cpu,100,8192,8192,268435456,268435456,54.843151395209134,54.220202922821045,0.0,1.137,0.991,0,/direct/sdcc+u/lchen6/cpu_logs/0319_new_agent_cpu_samples100_din8192_dout8192_read268435456_write268435456.log
2,320,new_agent,cpu,100,8192,8192,536870912,536870912,55.129913901910186,54.54488515853882,0.0,1.142,0.988,0,/direct/sdcc+u/lchen6/cpu_logs/0320_new_agent_cpu_samples100_din8192_dout8192_read536870912_write536870912.log
2,321,new_agent,cpu,100,16384,16384,4194304,4194304,216.17846382409334,215.44486141204834,0.0,1.143,0.998,0,/direct/sdcc+u/lchen6/cpu_logs/0321_new_agent_cpu_samples100_din16384_dout16384_read4194304_write4194304.log
2,322,new_agent,cpu,100,16384,16384,8388608,8388608,216.12146785948426,215.47767066955566,0.0,1.141,0.998,0,/direct/sdcc+u/lchen6/cpu_logs/0322_new_agent_cpu_samples100_din16384_dout16384_read8388608_write8388608.log
2,323,new_agent,cpu,100,16384,16384,16777216,16777216,216.53971123881638,215.90221667289734,0.0,1.144,0.998,0,/direct/sdcc+u/lchen6/cpu_logs/0323_new_agent_cpu_samples100_din16384_dout16384_read16777216_write16777216.log
2,324,new_agent,cpu,100,16384,16384,33554432,33554432,216.44573390763253,215.85043239593506,0.0,1.146,0.998,0,/direct/sdcc+u/lchen6/cpu_logs/0324_new_agent_cpu_samples100_din16384_dout16384_read33554432_write33554432.log
2,325,new_agent,cpu,100,16384,16384,67108864,67108864,215.9225016348064,215.30085492134094,0.0,1.141,0.998,0,/direct/sdcc+u/lchen6/cpu_logs/0325_new_agent_cpu_samples100_din16384_dout16384_read67108864_write67108864.log
2,326,new_agent,cpu,100,16384,16384,134217728,134217728,216.56247068569064,215.95384240150452,0.0,1.145,0.998,0,/direct/sdcc+u/lchen6/cpu_logs/0326_new_agent_cpu_samples100_din16384_dout16384_read134217728_write134217728.log
2,327,new_agent,cpu,100,16384,16384,268435456,268435456,216.82065108511597,216.19153666496277,0.0,1.144,0.998,0,/direct/sdcc+u/lchen6/cpu_logs/0327_new_agent_cpu_samples100_din16384_dout16384_read268435456_write268435456.log
2,328,new_agent,cpu,100,16384,16384,536870912,536870912,216.9560778234154,216.30888676643372,0.0,1.14,0.996,0,/direct/sdcc+u/lchen6/cpu_logs/0328_new_agent_cpu_samples100_din16384_dout16384_read536870912_write536870912.log
2,329,new_agent,cpu,100,32768,32768,4194304,4194304,838.9984562518075,838.311265707016,0.0,1.151,0.999,0,/direct/sdcc+u/lchen6/cpu_logs/0329_new_agent_cpu_samples100_din32768_dout32768_read4194304_write4194304.log
2,330,new_agent,cpu,100,32768,32768,8388608,8388608,839.5415509054437,838.9440803527832,0.0,1.149,1.0,0,/direct/sdcc+u/lchen6/cpu_logs/0330_new_agent_cpu_samples100_din32768_dout32768_read8388608_write8388608.log
2,331,new_agent,cpu,100,32768,32768,16777216,16777216,838.1047527948394,837.4709780216217,0.0,1.146,1.0,0,/direct/sdcc+u/lchen6/cpu_logs/0331_new_agent_cpu_samples100_din32768_dout32768_read16777216_write16777216.log
2,332,new_agent,cpu,100,32768,32768,33554432,33554432,838.91832482256,838.3175115585327,0.0,1.15,1.0,0,/direct/sdcc+u/lchen6/cpu_logs/0332_new_agent_cpu_samples100_din32768_dout32768_read33554432_write33554432.log
2,333,new_agent,cpu,100,32768,32768,67108864,67108864,840.1683697309345,839.5549757480621,0.0,1.149,1.0,0,/direct/sdcc+u/lchen6/cpu_logs/0333_new_agent_cpu_samples100_din32768_dout32768_read67108864_write67108864.log
2,334,new_agent,cpu,100,32768,32768,134217728,134217728,838.2061429871246,837.599395275116,0.0,1.15,0.999,0,/direct/sdcc+u/lchen6/cpu_logs/0334_new_agent_cpu_samples100_din32768_dout32768_read134217728_write134217728.log
2,335,new_agent,cpu,100,32768,32768,268435456,268435456,837.5565891135484,836.9286024570465,0.0,1.144,0.999,0,/direct/sdcc+u/lchen6/cpu_logs/0335_new_agent_cpu_samples100_din32768_dout32768_read268435456_write268435456.log
2,336,new_agent,cpu,100,32768,32768,536870912,536870912,838.4024134799838,837.7023112773895,0.0,1.151,0.999,0,/direct/sdcc+u/lchen6/cpu_logs/0336_new_agent_cpu_samples100_din32768_dout32768_read536870912_write536870912.log
2,337,new_training,cpu,100,4,4,4194304,4194304,0.7318381620571017,0.02669358253479004,0.0,2.135,0.424,0,/direct/sdcc+u/lchen6/cpu_logs/0337_new_training_cpu_samples100_din4_dout4_read4194304_write4194304.log
2,338,new_training,cpu,100,4,4,8388608,8388608,0.54174136929214,0.03081488609313965,0.0,2.167,0.562,0,/direct/sdcc+u/lchen6/cpu_logs/0338_new_training_cpu_samples100_din4_dout4_read8388608_write8388608.log
2,339,new_training,cpu,100,4,4,16777216,16777216,0.5585036622360349,0.039917945861816406,0.0,2.132,0.554,0,/direct/sdcc+u/lchen6/cpu_logs/0339_new_training_cpu_samples100_din4_dout4_read16777216_write16777216.log
2,340,new_training,cpu,100,4,4,33554432,33554432,0.574595189653337,0.05908370018005371,0.0,2.078,0.551,0,/direct/sdcc+u/lchen6/cpu_logs/0340_new_training_cpu_samples100_din4_dout4_read33554432_write33554432.log
2,341,new_training,cpu,100,4,4,67108864,67108864,0.6470976583659649,0.11544108390808105,0.0,1.99,0.513,0,/direct/sdcc+u/lchen6/cpu_logs/0341_new_training_cpu_samples100_din4_dout4_read67108864_write67108864.log
2,342,new_training,cpu,100,4,4,134217728,134217728,0.7151395715773106,0.17787408828735352,0.0,1.793,0.513,0,/direct/sdcc+u/lchen6/cpu_logs/0342_new_training_cpu_samples100_din4_dout4_read134217728_write134217728.log
2,343,new_training,cpu,100,4,4,268435456,268435456,0.8728028703480959,0.33277320861816406,0.0,1.52,0.494,0,/direct/sdcc+u/lchen6/cpu_logs/0343_new_training_cpu_samples100_din4_dout4_read268435456_write268435456.log
2,344,new_training,cpu,100,4,4,536870912,536870912,1.2147566871717572,0.646857738494873,0.0,1.174,0.46,0,/direct/sdcc+u/lchen6/cpu_logs/0344_new_training_cpu_samples100_din4_dout4_read536870912_write536870912.log
2,345,new_training,cpu,100,8,8,4194304,4194304,0.609140433371067,0.025875091552734375,0.0,2.177,0.498,0,/direct/sdcc+u/lchen6/cpu_logs/0345_new_training_cpu_samples100_din8_dout8_read4194304_write4194304.log
2,346,new_training,cpu,100,8,8,8388608,8388608,0.556035771034658,0.030437469482421875,0.0,2.163,0.55,0,/direct/sdcc+u/lchen6/cpu_logs/0346_new_training_cpu_samples100_din8_dout8_read8388608_write8388608.log
2,347,new_training,cpu,100,8,8,16777216,16777216,0.5429992554709315,0.04014110565185547,0.0,2.155,0.567,0,/direct/sdcc+u/lchen6/cpu_logs/0347_new_training_cpu_samples100_din8_dout8_read16777216_write16777216.log
2,348,new_training,cpu,100,8,8,33554432,33554432,0.5685057239606977,0.059808969497680664,0.0,2.085,0.557,0,/direct/sdcc+u/lchen6/cpu_logs/0348_new_training_cpu_samples100_din8_dout8_read33554432_write33554432.log
2,349,new_training,cpu,100,8,8,67108864,67108864,0.6239840965718031,0.09840846061706543,0.0,1.995,0.531,0,/direct/sdcc+u/lchen6/cpu_logs/0349_new_training_cpu_samples100_din8_dout8_read67108864_write67108864.log
2,350,new_training,cpu,100,8,8,134217728,134217728,0.6983805475756526,0.17658114433288574,0.0,1.808,0.523,0,/direct/sdcc+u/lchen6/cpu_logs/0350_new_training_cpu_samples100_din8_dout8_read134217728_write134217728.log
2,351,new_training,cpu,100,8,8,268435456,268435456,0.8617002591490746,0.33328676223754883,0.0,1.526,0.502,0,/direct/sdcc+u/lchen6/cpu_logs/0351_new_training_cpu_samples100_din8_dout8_read268435456_write268435456.log
2,352,new_training,cpu,100,8,8,536870912,536870912,1.2160655362531543,0.6464347839355469,0.0,1.171,0.462,0,/direct/sdcc+u/lchen6/cpu_logs/0352_new_training_cpu_samples100_din8_dout8_read536870912_write536870912.log
2,353,new_training,cpu,100,16,16,4194304,4194304,0.5713059054687619,0.026526927947998047,0.0,2.193,0.53,0,/direct/sdcc+u/lchen6/cpu_logs/0353_new_training_cpu_samples100_din16_dout16_read4194304_write4194304.log
2,354,new_training,cpu,100,16,16,8388608,8388608,0.5195547826588154,0.03145241737365723,0.0,2.181,0.588,0,/direct/sdcc+u/lchen6/cpu_logs/0354_new_training_cpu_samples100_din16_dout16_read8388608_write8388608.log
2,355,new_training,cpu,100,16,16,16777216,16777216,0.5615425454452634,0.041916608810424805,0.0,2.176,0.544,0,/direct/sdcc+u/lchen6/cpu_logs/0355_new_training_cpu_samples100_din16_dout16_read16777216_write16777216.log
2,356,new_training,cpu,100,16,16,33554432,33554432,0.5861398624256253,0.06520366668701172,0.0,2.072,0.547,0,/direct/sdcc+u/lchen6/cpu_logs/0356_new_training_cpu_samples100_din16_dout16_read33554432_write33554432.log
2,357,new_training,cpu,100,16,16,67108864,67108864,0.6342539479956031,0.10209321975708008,0.0,1.99,0.526,0,/direct/sdcc+u/lchen6/cpu_logs/0357_new_training_cpu_samples100_din16_dout16_read67108864_write67108864.log
2,358,new_training,cpu,100,16,16,134217728,134217728,0.6963018048554659,0.17832565307617188,0.0,1.804,0.528,0,/direct/sdcc+u/lchen6/cpu_logs/0358_new_training_cpu_samples100_din16_dout16_read134217728_write134217728.log
2,359,new_training,cpu,100,16,16,268435456,268435456,0.8613280467689037,0.33455753326416016,0.0,1.547,0.498,0,/direct/sdcc+u/lchen6/cpu_logs/0359_new_training_cpu_samples100_din16_dout16_read268435456_write268435456.log
2,360,new_training,cpu,100,16,16,536870912,536870912,1.23638638202101,0.6514990329742432,0.0,1.184,0.452,0,/direct/sdcc+u/lchen6/cpu_logs/0360_new_training_cpu_samples100_din16_dout16_read536870912_write536870912.log
2,361,new_training,cpu,100,32,32,4194304,4194304,0.5909713888540864,0.027791261672973633,0.0,2.179,0.517,0,/direct/sdcc+u/lchen6/cpu_logs/0361_new_training_cpu_samples100_din32_dout32_read4194304_write4194304.log
2,362,new_training,cpu,100,32,32,8388608,8388608,0.5432307384908199,0.03153061866760254,0.0,2.174,0.565,0,/direct/sdcc+u/lchen6/cpu_logs/0362_new_training_cpu_samples100_din32_dout32_read8388608_write8388608.log
2,363,new_training,cpu,100,32,32,16777216,16777216,0.551415697671473,0.042875051498413086,0.0,2.146,0.563,0,/direct/sdcc+u/lchen6/cpu_logs/0363_new_training_cpu_samples100_din32_dout32_read16777216_write16777216.log
2,364,new_training,cpu,100,32,32,33554432,33554432,0.583853674121201,0.06116962432861328,0.0,2.09,0.545,0,/direct/sdcc+u/lchen6/cpu_logs/0364_new_training_cpu_samples100_din32_dout32_read33554432_write33554432.log
2,365,new_training,cpu,100,32,32,67108864,67108864,0.6207802472636104,0.10002923011779785,0.0,1.979,0.542,0,/direct/sdcc+u/lchen6/cpu_logs/0365_new_training_cpu_samples100_din32_dout32_read67108864_write67108864.log
2,366,new_training,cpu,100,32,32,134217728,134217728,0.7086641974747181,0.17837309837341309,0.0,1.812,0.518,0,/direct/sdcc+u/lchen6/cpu_logs/0366_new_training_cpu_samples100_din32_dout32_read134217728_write134217728.log
2,367,new_training,cpu,100,32,32,268435456,268435456,0.8697142088785768,0.3345654010772705,0.0,1.55,0.494,0,/direct/sdcc+u/lchen6/cpu_logs/0367_new_training_cpu_samples100_din32_dout32_read268435456_write268435456.log
2,368,new_training,cpu,100,32,32,536870912,536870912,1.2128528505563736,0.6458649635314941,0.0,1.186,0.46,0,/direct/sdcc+u/lchen6/cpu_logs/0368_new_training_cpu_samples100_din32_dout32_read536870912_write536870912.log
2,369,new_training,cpu,100,64,64,4194304,4194304,0.5702877948060632,0.0280306339263916,0.0,2.192,0.535,0,/direct/sdcc+u/lchen6/cpu_logs/0369_new_training_cpu_samples100_din64_dout64_read4194304_write4194304.log
2,370,new_training,cpu,100,64,64,8388608,8388608,0.5696652634069324,0.03546571731567383,0.0,2.171,0.541,0,/direct/sdcc+u/lchen6/cpu_logs/0370_new_training_cpu_samples100_din64_dout64_read8388608_write8388608.log
2,371,new_training,cpu,100,64,64,16777216,16777216,0.5618628086522222,0.04688882827758789,0.0,2.15,0.555,0,/direct/sdcc+u/lchen6/cpu_logs/0371_new_training_cpu_samples100_din64_dout64_read16777216_write16777216.log
2,372,new_training,cpu,100,64,64,33554432,33554432,0.5724089508876204,0.06275820732116699,0.0,2.098,0.557,0,/direct/sdcc+u/lchen6/cpu_logs/0372_new_training_cpu_samples100_din64_dout64_read33554432_write33554432.log
2,373,new_training,cpu,100,64,64,67108864,67108864,0.6288095014169812,0.10205793380737305,0.0,1.994,0.535,0,/direct/sdcc+u/lchen6/cpu_logs/0373_new_training_cpu_samples100_din64_dout64_read67108864_write67108864.log
2,374,new_training,cpu,100,64,64,134217728,134217728,0.706463048234582,0.17801403999328613,0.0,1.83,0.519,0,/direct/sdcc+u/lchen6/cpu_logs/0374_new_training_cpu_samples100_din64_dout64_read134217728_write134217728.log
2,375,new_training,cpu,100,64,64,268435456,268435456,0.8757953876629472,0.334730863571167,0.0,1.552,0.493,0,/direct/sdcc+u/lchen6/cpu_logs/0375_new_training_cpu_samples100_din64_dout64_read268435456_write268435456.log
2,376,new_training,cpu,100,64,64,536870912,536870912,1.414743316359818,0.6608049869537354,0.0,1.252,0.375,0,/direct/sdcc+u/lchen6/cpu_logs/0376_new_training_cpu_samples100_din64_dout64_read536870912_write536870912.log
2,377,new_training,cpu,100,128,128,4194304,4194304,0.5773168969899416,0.04538583755493164,0.0,2.26,0.557,0,/direct/sdcc+u/lchen6/cpu_logs/0377_new_training_cpu_samples100_din128_dout128_read4194304_write4194304.log
2,378,new_training,cpu,100,128,128,8388608,8388608,0.5779330274090171,0.05291604995727539,0.0,2.242,0.568,0,/direct/sdcc+u/lchen6/cpu_logs/0378_new_training_cpu_samples100_din128_dout128_read8388608_write8388608.log
2,379,new_training,cpu,100,128,128,16777216,16777216,0.56924694404006,0.06150627136230469,0.0,2.222,0.581,0,/direct/sdcc+u/lchen6/cpu_logs/0379_new_training_cpu_samples100_din128_dout128_read16777216_write16777216.log
2,380,new_training,cpu,100,128,128,33554432,33554432,0.5848102327436209,0.0796973705291748,0.0,2.169,0.576,0,/direct/sdcc+u/lchen6/cpu_logs/0380_new_training_cpu_samples100_din128_dout128_read33554432_write33554432.log
2,381,new_training,cpu,100,128,128,67108864,67108864,0.6302818469703197,0.1189572811126709,0.0,2.071,0.559,0,/direct/sdcc+u/lchen6/cpu_logs/0381_new_training_cpu_samples100_din128_dout128_read67108864_write67108864.log
2,382,new_training,cpu,100,128,128,134217728,134217728,0.7189184548333287,0.19636964797973633,0.0,1.885,0.536,0,/direct/sdcc+u/lchen6/cpu_logs/0382_new_training_cpu_samples100_din128_dout128_read134217728_write134217728.log
2,383,new_training,cpu,100,128,128,268435456,268435456,0.9026715746149421,0.3545949459075928,0.0,1.608,0.499,0,/direct/sdcc+u/lchen6/cpu_logs/0383_new_training_cpu_samples100_din128_dout128_read268435456_write268435456.log
2,384,new_training,cpu,100,128,128,536870912,536870912,1.2680118773132563,0.6792006492614746,0.0,1.251,0.455,0,/direct/sdcc+u/lchen6/cpu_logs/0384_new_training_cpu_samples100_din128_dout128_read536870912_write536870912.log
2,385,new_training,cpu,100,256,256,4194304,4194304,0.651969307102263,0.08451676368713379,0.0,2.368,0.557,0,/direct/sdcc+u/lchen6/cpu_logs/0385_new_training_cpu_samples100_din256_dout256_read4194304_write4194304.log
2,386,new_training,cpu,100,256,256,8388608,8388608,0.6142446249723434,0.08607912063598633,0.0,2.35,0.588,0,/direct/sdcc+u/lchen6/cpu_logs/0386_new_training_cpu_samples100_din256_dout256_read8388608_write8388608.log
2,387,new_training,cpu,100,256,256,16777216,16777216,0.6401088582351804,0.09835147857666016,0.0,2.331,0.576,0,/direct/sdcc+u/lchen6/cpu_logs/0387_new_training_cpu_samples100_din256_dout256_read16777216_write16777216.log
2,388,new_training,cpu,100,256,256,33554432,33554432,0.6399160642176867,0.12122297286987305,0.0,2.286,0.593,0,/direct/sdcc+u/lchen6/cpu_logs/0388_new_training_cpu_samples100_din256_dout256_read33554432_write33554432.log
2,389,new_training,cpu,100,256,256,67108864,67108864,0.6848739124834538,0.15843820571899414,0.0,2.201,0.576,0,/direct/sdcc+u/lchen6/cpu_logs/0389_new_training_cpu_samples100_din256_dout256_read67108864_write67108864.log
2,390,new_training,cpu,100,256,256,134217728,134217728,0.7763332817703485,0.23634576797485352,0.0,2.032,0.547,0,/direct/sdcc+u/lchen6/cpu_logs/0390_new_training_cpu_samples100_din256_dout256_read134217728_write134217728.log
2,391,new_training,cpu,100,256,256,268435456,268435456,0.9553073588758707,0.390575647354126,0.0,1.762,0.509,0,/direct/sdcc+u/lchen6/cpu_logs/0391_new_training_cpu_samples100_din256_dout256_read268435456_write268435456.log
2,392,new_training,cpu,100,256,256,536870912,536870912,1.3227046364918351,0.7210781574249268,0.0,1.39,0.468,0,/direct/sdcc+u/lchen6/cpu_logs/0392_new_training_cpu_samples100_din256_dout256_read536870912_write536870912.log
2,393,new_training,cpu,100,512,512,4194304,4194304,0.8318287823349237,0.2434375286102295,0.0,2.659,0.622,0,/direct/sdcc+u/lchen6/cpu_logs/0393_new_training_cpu_samples100_din512_dout512_read4194304_write4194304.log
2,394,new_training,cpu,100,512,512,8388608,8388608,0.7618916928768158,0.23894357681274414,0.0,2.644,0.677,0,/direct/sdcc+u/lchen6/cpu_logs/0394_new_training_cpu_samples100_din512_dout512_read8388608_write8388608.log
2,395,new_training,cpu,100,512,512,16777216,16777216,0.771578018553555,0.2502892017364502,0.0,2.636,0.677,0,/direct/sdcc+u/lchen6/cpu_logs/0395_new_training_cpu_samples100_din512_dout512_read16777216_write16777216.log
2,396,new_training,cpu,100,512,512,33554432,33554432,0.8044442823156714,0.26975011825561523,0.0,2.601,0.657,0,/direct/sdcc+u/lchen6/cpu_logs/0396_new_training_cpu_samples100_din512_dout512_read33554432_write33554432.log
2,397,new_training,cpu,100,512,512,67108864,67108864,0.8497027875855565,0.3056209087371826,0.0,2.515,0.641,0,/direct/sdcc+u/lchen6/cpu_logs/0397_new_training_cpu_samples100_din512_dout512_read67108864_write67108864.log
2,398,new_training,cpu,100,512,512,134217728,134217728,0.92469949927181,0.3903007507324219,0.0,2.381,0.627,0,/direct/sdcc+u/lchen6/cpu_logs/0398_new_training_cpu_samples100_din512_dout512_read134217728_write134217728.log
2,399,new_training,cpu,100,512,512,268435456,268435456,1.0935748415067792,0.5411577224731445,0.0,2.135,0.583,0,/direct/sdcc+u/lchen6/cpu_logs/0399_new_training_cpu_samples100_din512_dout512_read268435456_write268435456.log
2,400,new_training,cpu,100,512,512,536870912,536870912,1.4640239588916302,0.8566639423370361,0.0,1.783,0.523,0,/direct/sdcc+u/lchen6/cpu_logs/0400_new_training_cpu_samples100_din512_dout512_read536870912_write536870912.log
2,401,new_training,cpu,100,1024,1024,4194304,4194304,1.3594288565218449,0.7821109294891357,0.0,3.018,0.785,0,/direct/sdcc+u/lchen6/cpu_logs/0401_new_training_cpu_samples100_din1024_dout1024_read4194304_write4194304.log
2,402,new_training,cpu,100,1024,1024,8388608,8388608,1.3089582845568657,0.7852499485015869,0.0,3.018,0.814,0,/direct/sdcc+u/lchen6/cpu_logs/0402_new_training_cpu_samples100_din1024_dout1024_read8388608_write8388608.log
2,403,new_training,cpu,100,1024,1024,16777216,16777216,1.3331716544926167,0.7975244522094727,0.0,3.007,0.806,0,/direct/sdcc+u/lchen6/cpu_logs/0403_new_training_cpu_samples100_din1024_dout1024_read16777216_write16777216.log
2,404,new_training,cpu,100,1024,1024,33554432,33554432,1.2328314129263163,0.6791648864746094,0.0,2.918,0.761,0,/direct/sdcc+u/lchen6/cpu_logs/0404_new_training_cpu_samples100_din1024_dout1024_read33554432_write33554432.log
2,405,new_training,cpu,100,1024,1024,67108864,67108864,1.3965776721015573,0.8515193462371826,0.0,2.943,0.783,0,/direct/sdcc+u/lchen6/cpu_logs/0405_new_training_cpu_samples100_din1024_dout1024_read67108864_write67108864.log
2,406,new_training,cpu,100,1024,1024,134217728,134217728,1.476452400907874,0.9365568161010742,0.0,2.864,0.761,0,/direct/sdcc+u/lchen6/cpu_logs/0406_new_training_cpu_samples100_din1024_dout1024_read134217728_write134217728.log
2,407,new_training,cpu,100,1024,1024,268435456,268435456,1.4993267394602299,0.9511284828186035,0.0,2.597,0.702,0,/direct/sdcc+u/lchen6/cpu_logs/0407_new_training_cpu_samples100_din1024_dout1024_read268435456_write268435456.log
2,408,new_training,cpu,100,1024,1024,536870912,536870912,2.0018344577401876,1.4179322719573975,0.0,2.439,0.659,0,/direct/sdcc+u/lchen6/cpu_logs/0408_new_training_cpu_samples100_din1024_dout1024_read536870912_write536870912.log
2,409,new_training,cpu,100,2048,2048,4194304,4194304,5.4876403119415045,4.782840013504028,0.0,2.221,0.925,0,/direct/sdcc+u/lchen6/cpu_logs/0409_new_training_cpu_samples100_din2048_dout2048_read4194304_write4194304.log
2,410,new_training,cpu,100,2048,2048,8388608,8388608,5.689794496633112,5.168117523193359,0.0,2.142,0.958,0,/direct/sdcc+u/lchen6/cpu_logs/0410_new_training_cpu_samples100_din2048_dout2048_read8388608_write8388608.log
2,411,new_training,cpu,100,2048,2048,16777216,16777216,5.597261692397296,5.068228244781494,0.0,2.135,0.954,0,/direct/sdcc+u/lchen6/cpu_logs/0411_new_training_cpu_samples100_din2048_dout2048_read16777216_write16777216.log
2,412,new_training,cpu,100,2048,2048,33554432,33554432,5.65389730874449,5.127042293548584,0.0,2.155,0.953,0,/direct/sdcc+u/lchen6/cpu_logs/0412_new_training_cpu_samples100_din2048_dout2048_read33554432_write33554432.log
2,413,new_training,cpu,100,2048,2048,67108864,67108864,5.733767220750451,5.207781553268433,0.0,2.135,0.95,0,/direct/sdcc+u/lchen6/cpu_logs/0413_new_training_cpu_samples100_din2048_dout2048_read67108864_write67108864.log
2,414,new_training,cpu,100,2048,2048,134217728,134217728,5.783302059397101,5.273073434829712,0.0,2.122,0.945,0,/direct/sdcc+u/lchen6/cpu_logs/0414_new_training_cpu_samples100_din2048_dout2048_read134217728_write134217728.log
2,415,new_training,cpu,100,2048,2048,268435456,268435456,5.965029951184988,5.417745351791382,0.0,2.105,0.925,0,/direct/sdcc+u/lchen6/cpu_logs/0415_new_training_cpu_samples100_din2048_dout2048_read268435456_write268435456.log
2,416,new_training,cpu,100,2048,2048,536870912,536870912,6.268823790363967,5.714256763458252,0.0,2.037,0.898,0,/direct/sdcc+u/lchen6/cpu_logs/0416_new_training_cpu_samples100_din2048_dout2048_read536870912_write536870912.log
2,417,new_training,cpu,100,4096,4096,4194304,4194304,21.710964113473892,21.136098623275757,0.0,2.01,0.987,0,/direct/sdcc+u/lchen6/cpu_logs/0417_new_training_cpu_samples100_din4096_dout4096_read4194304_write4194304.log
2,418,new_training,cpu,100,4096,4096,8388608,8388608,21.866435615345836,21.271918296813965,0.0,1.994,0.986,0,/direct/sdcc+u/lchen6/cpu_logs/0418_new_training_cpu_samples100_din4096_dout4096_read8388608_write8388608.log
2,419,new_training,cpu,100,4096,4096,16777216,16777216,21.863355081528425,21.320215225219727,0.0,1.997,0.988,0,/direct/sdcc+u/lchen6/cpu_logs/0419_new_training_cpu_samples100_din4096_dout4096_read16777216_write16777216.log
2,420,new_training,cpu,100,4096,4096,33554432,33554432,21.86662206798792,21.341310262680054,0.0,1.996,0.988,0,/direct/sdcc+u/lchen6/cpu_logs/0420_new_training_cpu_samples100_din4096_dout4096_read33554432_write33554432.log
2,421,new_training,cpu,100,4096,4096,67108864,67108864,21.964662509039044,21.352189540863037,0.0,1.993,0.983,0,/direct/sdcc+u/lchen6/cpu_logs/0421_new_training_cpu_samples100_din4096_dout4096_read67108864_write67108864.log
2,422,new_training,cpu,100,4096,4096,134217728,134217728,21.991707832552493,21.451066493988037,0.0,1.994,0.984,0,/direct/sdcc+u/lchen6/cpu_logs/0422_new_training_cpu_samples100_din4096_dout4096_read134217728_write134217728.log
2,423,new_training,cpu,100,4096,4096,268435456,268435456,22.11112555861473,21.550121545791626,0.0,1.981,0.979,0,/direct/sdcc+u/lchen6/cpu_logs/0423_new_training_cpu_samples100_din4096_dout4096_read268435456_write268435456.log
2,424,new_training,cpu,100,4096,4096,536870912,536870912,22.536330234259367,21.876839637756348,0.0,1.971,0.967,0,/direct/sdcc+u/lchen6/cpu_logs/0424_new_training_cpu_samples100_din4096_dout4096_read536870912_write536870912.log
2,425,new_training,cpu,100,8192,8192,4194304,4194304,86.72030899580568,86.14947748184204,0.0,2.033,0.997,0,/direct/sdcc+u/lchen6/cpu_logs/0425_new_training_cpu_samples100_din8192_dout8192_read4194304_write4194304.log
2,426,new_training,cpu,100,8192,8192,8388608,8388608,86.66410424094647,86.01044797897339,0.0,2.03,0.996,0,/direct/sdcc+u/lchen6/cpu_logs/0426_new_training_cpu_samples100_din8192_dout8192_read8388608_write8388608.log
2,427,new_training,cpu,100,8192,8192,16777216,16777216,86.80656413454562,86.20276474952698,0.0,2.029,0.996,0,/direct/sdcc+u/lchen6/cpu_logs/0427_new_training_cpu_samples100_din8192_dout8192_read16777216_write16777216.log
2,428,new_training,cpu,100,8192,8192,33554432,33554432,86.92867828626186,86.32826828956604,0.0,2.029,0.996,0,/direct/sdcc+u/lchen6/cpu_logs/0428_new_training_cpu_samples100_din8192_dout8192_read33554432_write33554432.log
2,429,new_training,cpu,100,8192,8192,67108864,67108864,86.97283929865807,86.30457878112793,0.0,2.027,0.995,0,/direct/sdcc+u/lchen6/cpu_logs/0429_new_training_cpu_samples100_din8192_dout8192_read67108864_write67108864.log
2,430,new_training,cpu,100,8192,8192,134217728,134217728,86.84902139939368,86.1732530593872,0.0,2.023,0.995,0,/direct/sdcc+u/lchen6/cpu_logs/0430_new_training_cpu_samples100_din8192_dout8192_read134217728_write134217728.log
2,431,new_training,cpu,100,8192,8192,268435456,268435456,87.30233257915825,86.66365957260132,0.0,2.023,0.994,0,/direct/sdcc+u/lchen6/cpu_logs/0431_new_training_cpu_samples100_din8192_dout8192_read268435456_write268435456.log
2,432,new_training,cpu,100,8192,8192,536870912,536870912,87.84334815852344,87.1713171005249,0.0,2.022,0.991,0,/direct/sdcc+u/lchen6/cpu_logs/0432_new_training_cpu_samples100_din8192_dout8192_read536870912_write536870912.log
2,433,new_training,cpu,100,16384,16384,4194304,4194304,346.80645289923996,346.1120252609253,0.0,2.033,0.999,0,/direct/sdcc+u/lchen6/cpu_logs/0433_new_training_cpu_samples100_din16384_dout16384_read4194304_write4194304.log
2,434,new_training,cpu,100,16384,16384,8388608,8388608,346.806429608725,346.20371532440186,0.0,2.031,0.999,0,/direct/sdcc+u/lchen6/cpu_logs/0434_new_training_cpu_samples100_din16384_dout16384_read8388608_write8388608.log
2,435,new_training,cpu,100,16384,16384,16777216,16777216,346.64787188731134,346.0463984012604,0.0,2.026,0.999,0,/direct/sdcc+u/lchen6/cpu_logs/0435_new_training_cpu_samples100_din16384_dout16384_read16777216_write16777216.log
2,436,new_training,cpu,100,16384,16384,33554432,33554432,346.9250594070181,346.3343253135681,0.0,2.03,0.999,0,/direct/sdcc+u/lchen6/cpu_logs/0436_new_training_cpu_samples100_din16384_dout16384_read33554432_write33554432.log
2,437,new_training,cpu,100,16384,16384,67108864,67108864,347.8075170367956,347.13467478752136,0.0,2.03,0.999,0,/direct/sdcc+u/lchen6/cpu_logs/0437_new_training_cpu_samples100_din16384_dout16384_read67108864_write67108864.log
2,438,new_training,cpu,100,16384,16384,134217728,134217728,347.21177121344954,346.56368017196655,0.0,2.029,0.999,0,/direct/sdcc+u/lchen6/cpu_logs/0438_new_training_cpu_samples100_din16384_dout16384_read134217728_write134217728.log
2,439,new_training,cpu,100,16384,16384,268435456,268435456,347.24981590360403,346.61953997612,0.0,2.031,0.998,0,/direct/sdcc+u/lchen6/cpu_logs/0439_new_training_cpu_samples100_din16384_dout16384_read268435456_write268435456.log
2,440,new_training,cpu,100,16384,16384,536870912,536870912,347.3789196033031,346.66827416419983,0.0,2.026,0.998,0,/direct/sdcc+u/lchen6/cpu_logs/0440_new_training_cpu_samples100_din16384_dout16384_read536870912_write536870912.log
2,441,new_training,cpu,100,32768,32768,4194304,4194304,1268.8345571756363,1268.1667788028717,0.0,1.952,1.0,0,/direct/sdcc+u/lchen6/cpu_logs/0441_new_training_cpu_samples100_din32768_dout32768_read4194304_write4194304.log
2,442,new_training,cpu,100,32768,32768,8388608,8388608,1268.1061572832987,1267.5045230388641,0.0,1.952,1.0,0,/direct/sdcc+u/lchen6/cpu_logs/0442_new_training_cpu_samples100_din32768_dout32768_read8388608_write8388608.log
2,443,new_training,cpu,100,32768,32768,16777216,16777216,1268.436572395265,1267.761766910553,0.0,1.952,1.0,0,/direct/sdcc+u/lchen6/cpu_logs/0443_new_training_cpu_samples100_din32768_dout32768_read16777216_write16777216.log
2,444,new_training,cpu,100,32768,32768,33554432,33554432,1268.3898125328124,1267.7267932891846,0.0,1.953,1.0,0,/direct/sdcc+u/lchen6/cpu_logs/0444_new_training_cpu_samples100_din32768_dout32768_read33554432_write33554432.log
2,445,new_training,cpu,100,32768,32768,67108864,67108864,1267.4699624245986,1266.8643264770508,0.0,1.951,1.0,0,/direct/sdcc+u/lchen6/cpu_logs/0445_new_training_cpu_samples100_din32768_dout32768_read67108864_write67108864.log
2,446,new_training,cpu,100,32768,32768,134217728,134217728,1268.1456818338484,1267.533929347992,0.0,1.951,1.0,0,/direct/sdcc+u/lchen6/cpu_logs/0446_new_training_cpu_samples100_din32768_dout32768_read134217728_write134217728.log
2,447,new_training,cpu,100,32768,32768,268435456,268435456,1270.6083481414244,1269.985473871231,0.0,1.951,1.0,0,/direct/sdcc+u/lchen6/cpu_logs/0447_new_training_cpu_samples100_din32768_dout32768_read268435456_write268435456.log
2,448,new_training,cpu,100,32768,32768,536870912,536870912,1267.3367140339687,1266.687745332718,0.0,1.949,0.999,0,/direct/sdcc+u/lchen6/cpu_logs/0448_new_training_cpu_samples100_din32768_dout32768_read536870912_write536870912.log
3,449,new_agent,cpu,100,4,4,4194304,4194304,0.7588723469525576,0.03661322593688965,0.0,2.151,0.43,0,/direct/sdcc+u/lchen6/cpu_logs/0449_new_agent_cpu_samples100_din4_dout4_read4194304_write4194304.log
3,450,new_agent,cpu,100,4,4,8388608,8388608,0.6132342824712396,0.04870486259460449,0.0,2.194,0.533,0,/direct/sdcc+u/lchen6/cpu_logs/0450_new_agent_cpu_samples100_din4_dout4_read8388608_write8388608.log
3,451,new_agent,cpu,100,4,4,16777216,16777216,0.6298227664083242,0.05571246147155762,0.0,2.177,0.52,0,/direct/sdcc+u/lchen6/cpu_logs/0451_new_agent_cpu_samples100_din4_dout4_read16777216_write16777216.log
3,452,new_agent,cpu,100,4,4,33554432,33554432,0.6769009083509445,0.07544422149658203,0.0,2.114,0.494,0,/direct/sdcc+u/lchen6/cpu_logs/0452_new_agent_cpu_samples100_din4_dout4_read33554432_write33554432.log
3,453,new_agent,cpu,100,4,4,67108864,67108864,0.7170663848519325,0.12969017028808594,0.0,2.02,0.502,0,/direct/sdcc+u/lchen6/cpu_logs/0453_new_agent_cpu_samples100_din4_dout4_read67108864_write67108864.log
3,454,new_agent,cpu,100,4,4,134217728,134217728,0.8186805481091142,0.19493436813354492,0.0,1.859,0.474,0,/direct/sdcc+u/lchen6/cpu_logs/0454_new_agent_cpu_samples100_din4_dout4_read134217728_write134217728.log
3,455,new_agent,cpu,100,4,4,268435456,268435456,0.9346099877730012,0.34705328941345215,0.0,1.568,0.483,0,/direct/sdcc+u/lchen6/cpu_logs/0455_new_agent_cpu_samples100_din4_dout4_read268435456_write268435456.log
3,456,new_agent,cpu,100,4,4,536870912,536870912,1.3080940265208483,0.6842625141143799,0.0,1.239,0.446,0,/direct/sdcc+u/lchen6/cpu_logs/0456_new_agent_cpu_samples100_din4_dout4_read536870912_write536870912.log
3,457,new_agent,cpu,100,8,8,4194304,4194304,0.6830773772671819,0.03553462028503418,0.0,2.187,0.464,0,/direct/sdcc+u/lchen6/cpu_logs/0457_new_agent_cpu_samples100_din8_dout8_read4194304_write4194304.log
3,458,new_agent,cpu,100,8,8,8388608,8388608,0.6258517215028405,0.03976726531982422,0.0,2.166,0.515,0,/direct/sdcc+u/lchen6/cpu_logs/0458_new_agent_cpu_samples100_din8_dout8_read8388608_write8388608.log
3,459,new_agent,cpu,100,8,8,16777216,16777216,0.6186742363497615,0.06364965438842773,0.0,2.163,0.516,0,/direct/sdcc+u/lchen6/cpu_logs/0459_new_agent_cpu_samples100_din8_dout8_read16777216_write16777216.log
3,460,new_agent,cpu,100,8,8,33554432,33554432,0.6313665369525552,0.07249259948730469,0.0,2.107,0.525,0,/direct/sdcc+u/lchen6/cpu_logs/0460_new_agent_cpu_samples100_din8_dout8_read33554432_write33554432.log
3,461,new_agent,cpu,100,8,8,67108864,67108864,0.7074105199426413,0.1127481460571289,0.0,2.013,0.493,0,/direct/sdcc+u/lchen6/cpu_logs/0461_new_agent_cpu_samples100_din8_dout8_read67108864_write67108864.log
3,462,new_agent,cpu,100,8,8,134217728,134217728,0.7665220461785793,0.18517255783081055,0.0,1.814,0.493,0,/direct/sdcc+u/lchen6/cpu_logs/0462_new_agent_cpu_samples100_din8_dout8_read134217728_write134217728.log
3,463,new_agent,cpu,100,8,8,268435456,268435456,0.9447502996772528,0.34825706481933594,0.0,1.549,0.473,0,/direct/sdcc+u/lchen6/cpu_logs/0463_new_agent_cpu_samples100_din8_dout8_read268435456_write268435456.log
3,464,new_agent,cpu,100,8,8,536870912,536870912,1.2825160818174481,0.6555852890014648,0.0,1.196,0.445,0,/direct/sdcc+u/lchen6/cpu_logs/0464_new_agent_cpu_samples100_din8_dout8_read536870912_write536870912.log
3,465,new_agent,cpu,100,16,16,4194304,4194304,0.6966544864699244,0.042261600494384766,0.0,2.225,0.461,0,/direct/sdcc+u/lchen6/cpu_logs/0465_new_agent_cpu_samples100_din16_dout16_read4194304_write4194304.log
3,466,new_agent,cpu,100,16,16,8388608,8388608,0.5969594707712531,0.046048879623413086,0.0,2.203,0.539,0,/direct/sdcc+u/lchen6/cpu_logs/0466_new_agent_cpu_samples100_din16_dout16_read8388608_write8388608.log
3,467,new_agent,cpu,100,16,16,16777216,16777216,0.6152326222509146,0.05342698097229004,0.0,2.168,0.528,0,/direct/sdcc+u/lchen6/cpu_logs/0467_new_agent_cpu_samples100_din16_dout16_read16777216_write16777216.log
3,468,new_agent,cpu,100,16,16,33554432,33554432,0.6391728296875954,0.07741737365722656,0.0,2.126,0.531,0,/direct/sdcc+u/lchen6/cpu_logs/0468_new_agent_cpu_samples100_din16_dout16_read33554432_write33554432.log
3,469,new_agent,cpu,100,16,16,67108864,67108864,0.7059490252286196,0.11610865592956543,0.0,2.025,0.494,0,/direct/sdcc+u/lchen6/cpu_logs/0469_new_agent_cpu_samples100_din16_dout16_read67108864_write67108864.log
3,470,new_agent,cpu,100,16,16,134217728,134217728,0.8054077224805951,0.19226956367492676,0.0,1.852,0.475,0,/direct/sdcc+u/lchen6/cpu_logs/0470_new_agent_cpu_samples100_din16_dout16_read134217728_write134217728.log
3,471,new_agent,cpu,100,16,16,268435456,268435456,0.9510513488203287,0.347184419631958,0.0,1.576,0.472,0,/direct/sdcc+u/lchen6/cpu_logs/0471_new_agent_cpu_samples100_din16_dout16_read268435456_write268435456.log
3,472,new_agent,cpu,100,16,16,536870912,536870912,1.3079864857718349,0.6724183559417725,0.0,1.231,0.442,0,/direct/sdcc+u/lchen6/cpu_logs/0472_new_agent_cpu_samples100_din16_dout16_read536870912_write536870912.log
3,473,new_agent,cpu,100,32,32,4194304,4194304,0.6747564114630222,0.03944206237792969,0.0,2.185,0.476,0,/direct/sdcc+u/lchen6/cpu_logs/0473_new_agent_cpu_samples100_din32_dout32_read4194304_write4194304.log
3,474,new_agent,cpu,100,32,32,8388608,8388608,0.6011756360530853,0.04150080680847168,0.0,2.196,0.528,0,/direct/sdcc+u/lchen6/cpu_logs/0474_new_agent_cpu_samples100_din32_dout32_read8388608_write8388608.log
3,475,new_agent,cpu,100,32,32,16777216,16777216,0.6143876286223531,0.0490260124206543,0.0,2.16,0.521,0,/direct/sdcc+u/lchen6/cpu_logs/0475_new_agent_cpu_samples100_din32_dout32_read16777216_write16777216.log
3,476,new_agent,cpu,100,32,32,33554432,33554432,0.631360181607306,0.06992101669311523,0.0,2.095,0.523,0,/direct/sdcc+u/lchen6/cpu_logs/0476_new_agent_cpu_samples100_din32_dout32_read33554432_write33554432.log
3,477,new_agent,cpu,100,32,32,67108864,67108864,0.6878170650452375,0.1146700382232666,0.0,2.005,0.502,0,/direct/sdcc+u/lchen6/cpu_logs/0477_new_agent_cpu_samples100_din32_dout32_read67108864_write67108864.log
3,478,new_agent,cpu,100,32,32,134217728,134217728,0.7629218576475978,0.18293023109436035,0.0,1.822,0.489,0,/direct/sdcc+u/lchen6/cpu_logs/0478_new_agent_cpu_samples100_din32_dout32_read134217728_write134217728.log
3,479,new_agent,cpu,100,32,32,268435456,268435456,0.9243723507970572,0.3451669216156006,0.0,1.58,0.479,0,/direct/sdcc+u/lchen6/cpu_logs/0479_new_agent_cpu_samples100_din32_dout32_read268435456_write268435456.log
3,480,new_agent,cpu,100,32,32,536870912,536870912,1.2903456836938858,0.6650562286376953,0.0,1.219,0.443,0,/direct/sdcc+u/lchen6/cpu_logs/0480_new_agent_cpu_samples100_din32_dout32_read536870912_write536870912.log
3,481,new_agent,cpu,100,64,64,4194304,4194304,0.6842458695173264,0.03909707069396973,0.0,2.212,0.466,0,/direct/sdcc+u/lchen6/cpu_logs/0481_new_agent_cpu_samples100_din64_dout64_read4194304_write4194304.log
3,482,new_agent,cpu,100,64,64,8388608,8388608,0.6270362660288811,0.05408978462219238,0.0,2.235,0.529,0,/direct/sdcc+u/lchen6/cpu_logs/0482_new_agent_cpu_samples100_din64_dout64_read8388608_write8388608.log
3,483,new_agent,cpu,100,64,64,16777216,16777216,0.6385684879496694,0.0645606517791748,0.0,2.18,0.528,0,/direct/sdcc+u/lchen6/cpu_logs/0483_new_agent_cpu_samples100_din64_dout64_read16777216_write16777216.log
3,484,new_agent,cpu,100,64,64,33554432,33554432,0.6412078849971294,0.0730898380279541,0.0,2.104,0.517,0,/direct/sdcc+u/lchen6/cpu_logs/0484_new_agent_cpu_samples100_din64_dout64_read33554432_write33554432.log
3,485,new_agent,cpu,100,64,64,67108864,67108864,0.7011624537408352,0.11203789710998535,0.0,2.029,0.503,0,/direct/sdcc+u/lchen6/cpu_logs/0485_new_agent_cpu_samples100_din64_dout64_read67108864_write67108864.log
3,486,new_agent,cpu,100,64,64,134217728,134217728,0.7866086661815643,0.19101786613464355,0.0,1.847,0.482,0,/direct/sdcc+u/lchen6/cpu_logs/0486_new_agent_cpu_samples100_din64_dout64_read134217728_write134217728.log
3,487,new_agent,cpu,100,64,64,268435456,268435456,0.9510822342708707,0.3578658103942871,0.0,1.608,0.48,0,/direct/sdcc+u/lchen6/cpu_logs/0487_new_agent_cpu_samples100_din64_dout64_read268435456_write268435456.log
3,488,new_agent,cpu,100,64,64,536870912,536870912,1.3088369872421026,0.6740820407867432,0.0,1.214,0.44,0,/direct/sdcc+u/lchen6/cpu_logs/0488_new_agent_cpu_samples100_din64_dout64_read536870912_write536870912.log
3,489,new_agent,cpu,100,128,128,4194304,4194304,0.6626095054671168,0.04349184036254883,0.0,2.23,0.489,0,/direct/sdcc+u/lchen6/cpu_logs/0489_new_agent_cpu_samples100_din128_dout128_read4194304_write4194304.log
3,490,new_agent,cpu,100,128,128,8388608,8388608,0.5890564238652587,0.046552419662475586,0.0,2.213,0.549,0,/direct/sdcc+u/lchen6/cpu_logs/0490_new_agent_cpu_samples100_din128_dout128_read8388608_write8388608.log
3,491,new_agent,cpu,100,128,128,16777216,16777216,0.6031819516792893,0.05745959281921387,0.0,2.192,0.547,0,/direct/sdcc+u/lchen6/cpu_logs/0491_new_agent_cpu_samples100_din128_dout128_read16777216_write16777216.log
3,492,new_agent,cpu,100,128,128,33554432,33554432,0.6308055017143488,0.07933568954467773,0.0,2.136,0.538,0,/direct/sdcc+u/lchen6/cpu_logs/0492_new_agent_cpu_samples100_din128_dout128_read33554432_write33554432.log
3,493,new_agent,cpu,100,128,128,67108864,67108864,0.790962559171021,0.11719679832458496,0.0,2.06,0.446,0,/direct/sdcc+u/lchen6/cpu_logs/0493_new_agent_cpu_samples100_din128_dout128_read67108864_write67108864.log
3,494,new_agent,cpu,100,128,128,134217728,134217728,0.763767646625638,0.19583892822265625,0.0,1.863,0.507,0,/direct/sdcc+u/lchen6/cpu_logs/0494_new_agent_cpu_samples100_din128_dout128_read134217728_write134217728.log
3,495,new_agent,cpu,100,128,128,268435456,268435456,0.9419089164584875,0.35302042961120605,0.0,1.608,0.481,0,/direct/sdcc+u/lchen6/cpu_logs/0495_new_agent_cpu_samples100_din128_dout128_read268435456_write268435456.log
3,496,new_agent,cpu,100,128,128,536870912,536870912,1.2756527215242386,0.6634440422058105,0.0,1.243,0.453,0,/direct/sdcc+u/lchen6/cpu_logs/0496_new_agent_cpu_samples100_din128_dout128_read536870912_write536870912.log
3,497,new_agent,cpu,100,256,256,4194304,4194304,0.6657187240198255,0.058426856994628906,0.0,2.284,0.512,0,/direct/sdcc+u/lchen6/cpu_logs/0497_new_agent_cpu_samples100_din256_dout256_read4194304_write4194304.log
3,498,new_agent,cpu,100,256,256,8388608,8388608,0.6196420397609472,0.0685725212097168,0.0,2.253,0.557,0,/direct/sdcc+u/lchen6/cpu_logs/0498_new_agent_cpu_samples100_din256_dout256_read8388608_write8388608.log
3,499,new_agent,cpu,100,256,256,16777216,16777216,0.6159236747771502,0.07271075248718262,0.0,2.229,0.562,0,/direct/sdcc+u/lchen6/cpu_logs/0499_new_agent_cpu_samples100_din256_dout256_read16777216_write16777216.log
3,500,new_agent,cpu,100,256,256,33554432,33554432,0.646798525005579,0.09028196334838867,0.0,2.179,0.545,0,/direct/sdcc+u/lchen6/cpu_logs/0500_new_agent_cpu_samples100_din256_dout256_read33554432_write33554432.log
3,501,new_agent,cpu,100,256,256,67108864,67108864,0.6884503737092018,0.13217639923095703,0.0,2.097,0.535,0,/direct/sdcc+u/lchen6/cpu_logs/0501_new_agent_cpu_samples100_din256_dout256_read67108864_write67108864.log
3,502,new_agent,cpu,100,256,256,134217728,134217728,0.7692132592201233,0.21093010902404785,0.0,1.933,0.522,0,/direct/sdcc+u/lchen6/cpu_logs/0502_new_agent_cpu_samples100_din256_dout256_read134217728_write134217728.log
3,503,new_agent,cpu,100,256,256,268435456,268435456,0.9492842014878988,0.369565486907959,0.0,1.663,0.491,0,/direct/sdcc+u/lchen6/cpu_logs/0503_new_agent_cpu_samples100_din256_dout256_read268435456_write268435456.log
3,504,new_agent,cpu,100,256,256,536870912,536870912,1.2768484335392714,0.676628828048706,0.0,1.304,0.462,0,/direct/sdcc+u/lchen6/cpu_logs/0504_new_agent_cpu_samples100_din256_dout256_read536870912_write536870912.log
3,505,new_agent,cpu,100,512,512,4194304,4194304,0.7365224938839674,0.11568737030029297,0.0,2.427,0.539,0,/direct/sdcc+u/lchen6/cpu_logs/0505_new_agent_cpu_samples100_din512_dout512_read4194304_write4194304.log
3,506,new_agent,cpu,100,512,512,8388608,8388608,0.686779853887856,0.11994504928588867,0.0,2.417,0.579,0,/direct/sdcc+u/lchen6/cpu_logs/0506_new_agent_cpu_samples100_din512_dout512_read8388608_write8388608.log
3,507,new_agent,cpu,100,512,512,16777216,16777216,0.6734868735074997,0.13034486770629883,0.0,2.388,0.603,0,/direct/sdcc+u/lchen6/cpu_logs/0507_new_agent_cpu_samples100_din512_dout512_read16777216_write16777216.log
3,508,new_agent,cpu,100,512,512,33554432,33554432,0.7211501114070415,0.15100526809692383,0.0,2.336,0.566,0,/direct/sdcc+u/lchen6/cpu_logs/0508_new_agent_cpu_samples100_din512_dout512_read33554432_write33554432.log
3,509,new_agent,cpu,100,512,512,67108864,67108864,0.7871337635442615,0.18447160720825195,0.0,2.242,0.537,0,/direct/sdcc+u/lchen6/cpu_logs/0509_new_agent_cpu_samples100_din512_dout512_read67108864_write67108864.log
3,510,new_agent,cpu,100,512,512,134217728,134217728,0.853565763682127,0.27147674560546875,0.0,2.084,0.54,0,/direct/sdcc+u/lchen6/cpu_logs/0510_new_agent_cpu_samples100_din512_dout512_read134217728_write134217728.log
3,511,new_agent,cpu,100,512,512,268435456,268435456,1.0210045026615262,0.4223935604095459,0.0,1.829,0.508,0,/direct/sdcc+u/lchen6/cpu_logs/0511_new_agent_cpu_samples100_din512_dout512_read268435456_write268435456.log
3,512,new_agent,cpu,100,512,512,536870912,536870912,1.3431366123259068,0.7338426113128662,0.0,1.471,0.478,0,/direct/sdcc+u/lchen6/cpu_logs/0512_new_agent_cpu_samples100_din512_dout512_read536870912_write536870912.log
3,513,new_agent,cpu,100,1024,1024,4194304,4194304,0.9285355694591999,0.2937319278717041,0.0,2.709,0.622,0,/direct/sdcc+u/lchen6/cpu_logs/0513_new_agent_cpu_samples100_din1024_dout1024_read4194304_write4194304.log
3,514,new_agent,cpu,100,1024,1024,8388608,8388608,0.8590705739334226,0.30034708976745605,0.0,2.7,0.674,0,/direct/sdcc+u/lchen6/cpu_logs/0514_new_agent_cpu_samples100_din1024_dout1024_read8388608_write8388608.log
3,515,new_agent,cpu,100,1024,1024,16777216,16777216,0.8678100621327758,0.3099021911621094,0.0,2.681,0.671,0,/direct/sdcc+u/lchen6/cpu_logs/0515_new_agent_cpu_samples100_din1024_dout1024_read16777216_write16777216.log
3,516,new_agent,cpu,100,1024,1024,33554432,33554432,0.8908838666975498,0.3264799118041992,0.0,2.638,0.665,0,/direct/sdcc+u/lchen6/cpu_logs/0516_new_agent_cpu_samples100_din1024_dout1024_read33554432_write33554432.log
3,517,new_agent,cpu,100,1024,1024,67108864,67108864,0.912672245875001,0.3077404499053955,0.0,2.482,0.596,0,/direct/sdcc+u/lchen6/cpu_logs/0517_new_agent_cpu_samples100_din1024_dout1024_read67108864_write67108864.log
3,518,new_agent,cpu,100,1024,1024,134217728,134217728,1.0439659440889955,0.4485132694244385,0.0,2.468,0.608,0,/direct/sdcc+u/lchen6/cpu_logs/0518_new_agent_cpu_samples100_din1024_dout1024_read134217728_write134217728.log
3,519,new_agent,cpu,100,1024,1024,268435456,268435456,1.2132816137745976,0.619016170501709,0.0,2.225,0.577,0,/direct/sdcc+u/lchen6/cpu_logs/0519_new_agent_cpu_samples100_din1024_dout1024_read268435456_write268435456.log
3,520,new_agent,cpu,100,1024,1024,536870912,536870912,1.4818896716460586,0.8464226722717285,0.0,1.765,0.51,0,/direct/sdcc+u/lchen6/cpu_logs/0520_new_agent_cpu_samples100_din1024_dout1024_read536870912_write536870912.log
3,521,new_agent,cpu,100,2048,2048,4194304,4194304,3.8810177640989423,3.28291392326355,0.0,1.448,0.919,0,/direct/sdcc+u/lchen6/cpu_logs/0521_new_agent_cpu_samples100_din2048_dout2048_read4194304_write4194304.log
3,522,new_agent,cpu,100,2048,2048,8388608,8388608,3.9204672425985336,3.23146390914917,0.0,1.483,0.899,0,/direct/sdcc+u/lchen6/cpu_logs/0522_new_agent_cpu_samples100_din2048_dout2048_read8388608_write8388608.log
3,523,new_agent,cpu,100,2048,2048,16777216,16777216,3.8880424313247204,3.3205790519714355,0.0,1.431,0.926,0,/direct/sdcc+u/lchen6/cpu_logs/0523_new_agent_cpu_samples100_din2048_dout2048_read16777216_write16777216.log
3,524,new_agent,cpu,100,2048,2048,33554432,33554432,3.624770414084196,3.0535638332366943,0.0,1.536,0.916,0,/direct/sdcc+u/lchen6/cpu_logs/0524_new_agent_cpu_samples100_din2048_dout2048_read33554432_write33554432.log
3,525,new_agent,cpu,100,2048,2048,67108864,67108864,3.984112147241831,3.4145987033843994,0.0,1.438,0.918,0,/direct/sdcc+u/lchen6/cpu_logs/0525_new_agent_cpu_samples100_din2048_dout2048_read67108864_write67108864.log
3,526,new_agent,cpu,100,2048,2048,134217728,134217728,3.994989507831633,3.4206440448760986,0.0,1.423,0.904,0,/direct/sdcc+u/lchen6/cpu_logs/0526_new_agent_cpu_samples100_din2048_dout2048_read134217728_write134217728.log
3,527,new_agent,cpu,100,2048,2048,268435456,268435456,4.248569276183844,3.6425952911376953,0.0,1.398,0.877,0,/direct/sdcc+u/lchen6/cpu_logs/0527_new_agent_cpu_samples100_din2048_dout2048_read268435456_write268435456.log
3,528,new_agent,cpu,100,2048,2048,536870912,536870912,4.600564359687269,3.9281246662139893,0.0,1.36,0.826,0,/direct/sdcc+u/lchen6/cpu_logs/0528_new_agent_cpu_samples100_din2048_dout2048_read536870912_write536870912.log
3,529,new_agent,cpu,100,4096,4096,4194304,4194304,13.968882448039949,13.31666612625122,0.0,1.181,0.974,0,/direct/sdcc+u/lchen6/cpu_logs/0529_new_agent_cpu_samples100_din4096_dout4096_read4194304_write4194304.log
3,530,new_agent,cpu,100,4096,4096,8388608,8388608,14.06413355935365,13.496159553527832,0.0,1.164,0.98,0,/direct/sdcc+u/lchen6/cpu_logs/0530_new_agent_cpu_samples100_din4096_dout4096_read8388608_write8388608.log
3,531,new_agent,cpu,100,4096,4096,16777216,16777216,14.16789488028735,13.567874193191528,0.0,1.162,0.977,0,/direct/sdcc+u/lchen6/cpu_logs/0531_new_agent_cpu_samples100_din4096_dout4096_read16777216_write16777216.log
3,532,new_agent,cpu,100,4096,4096,33554432,33554432,14.260880917310715,13.569709539413452,0.0,1.162,0.971,0,/direct/sdcc+u/lchen6/cpu_logs/0532_new_agent_cpu_samples100_din4096_dout4096_read33554432_write33554432.log
3,533,new_agent,cpu,100,4096,4096,67108864,67108864,14.154441864229739,13.588838577270508,0.0,1.165,0.977,0,/direct/sdcc+u/lchen6/cpu_logs/0533_new_agent_cpu_samples100_din4096_dout4096_read67108864_write67108864.log
3,534,new_agent,cpu,100,4096,4096,134217728,134217728,14.25145037099719,13.66940975189209,0.0,1.16,0.973,0,/direct/sdcc+u/lchen6/cpu_logs/0534_new_agent_cpu_samples100_din4096_dout4096_read134217728_write134217728.log
3,535,new_agent,cpu,100,4096,4096,268435456,268435456,14.359119238331914,13.737632989883423,0.0,1.164,0.964,0,/direct/sdcc+u/lchen6/cpu_logs/0535_new_agent_cpu_samples100_din4096_dout4096_read268435456_write268435456.log
3,536,new_agent,cpu,100,4096,4096,536870912,536870912,14.66537731513381,14.036951541900635,0.0,1.155,0.948,0,/direct/sdcc+u/lchen6/cpu_logs/0536_new_agent_cpu_samples100_din4096_dout4096_read536870912_write536870912.log
3,537,new_agent,cpu,100,8192,8192,4194304,4194304,54.08395087812096,53.354817390441895,0.0,1.162,0.992,0,/direct/sdcc+u/lchen6/cpu_logs/0537_new_agent_cpu_samples100_din8192_dout8192_read4194304_write4194304.log
3,538,new_agent,cpu,100,8192,8192,8388608,8388608,53.80991246551275,53.179147481918335,0.0,1.154,0.993,0,/direct/sdcc+u/lchen6/cpu_logs/0538_new_agent_cpu_samples100_din8192_dout8192_read8388608_write8388608.log
3,539,new_agent,cpu,100,8192,8192,16777216,16777216,54.16592012066394,53.43106985092163,0.0,1.158,0.992,0,/direct/sdcc+u/lchen6/cpu_logs/0539_new_agent_cpu_samples100_din8192_dout8192_read16777216_write16777216.log
3,540,new_agent,cpu,100,8192,8192,33554432,33554432,54.15388567838818,53.51267862319946,0.0,1.157,0.993,0,/direct/sdcc+u/lchen6/cpu_logs/0540_new_agent_cpu_samples100_din8192_dout8192_read33554432_write33554432.log
3,541,new_agent,cpu,100,8192,8192,67108864,67108864,54.118936477229,53.411298513412476,0.0,1.149,0.992,0,/direct/sdcc+u/lchen6/cpu_logs/0541_new_agent_cpu_samples100_din8192_dout8192_read67108864_write67108864.log
3,542,new_agent,cpu,100,8192,8192,134217728,134217728,54.174389821477234,53.6184241771698,0.0,1.152,0.993,0,/direct/sdcc+u/lchen6/cpu_logs/0542_new_agent_cpu_samples100_din8192_dout8192_read134217728_write134217728.log
3,543,new_agent,cpu,100,8192,8192,268435456,268435456,54.40082549676299,53.76247239112854,0.0,1.151,0.99,0,/direct/sdcc+u/lchen6/cpu_logs/0543_new_agent_cpu_samples100_din8192_dout8192_read268435456_write268435456.log
3,544,new_agent,cpu,100,8192,8192,536870912,536870912,54.67282365541905,54.11016058921814,0.0,1.15,0.988,0,/direct/sdcc+u/lchen6/cpu_logs/0544_new_agent_cpu_samples100_din8192_dout8192_read536870912_write536870912.log
3,545,new_agent,cpu,100,16384,16384,4194304,4194304,214.17237091623247,213.5157985687256,0.0,1.148,0.998,0,/direct/sdcc+u/lchen6/cpu_logs/0545_new_agent_cpu_samples100_din16384_dout16384_read4194304_write4194304.log
3,546,new_agent,cpu,100,16384,16384,8388608,8388608,214.8076859926805,214.18392300605774,0.0,1.153,0.998,0,/direct/sdcc+u/lchen6/cpu_logs/0546_new_agent_cpu_samples100_din16384_dout16384_read8388608_write8388608.log
3,547,new_agent,cpu,100,16384,16384,16777216,16777216,214.84290258493274,214.2250919342041,0.0,1.153,0.998,0,/direct/sdcc+u/lchen6/cpu_logs/0547_new_agent_cpu_samples100_din16384_dout16384_read16777216_write16777216.log
3,548,new_agent,cpu,100,16384,16384,33554432,33554432,214.50559179577976,213.91670870780945,0.0,1.147,0.998,0,/direct/sdcc+u/lchen6/cpu_logs/0548_new_agent_cpu_samples100_din16384_dout16384_read33554432_write33554432.log
3,549,new_agent,cpu,100,16384,16384,67108864,67108864,215.13952330127358,214.50901770591736,0.0,1.153,0.998,0,/direct/sdcc+u/lchen6/cpu_logs/0549_new_agent_cpu_samples100_din16384_dout16384_read67108864_write67108864.log
3,550,new_agent,cpu,100,16384,16384,134217728,134217728,215.01774392835796,214.40147972106934,0.0,1.147,0.998,0,/direct/sdcc+u/lchen6/cpu_logs/0550_new_agent_cpu_samples100_din16384_dout16384_read134217728_write134217728.log
3,551,new_agent,cpu,100,16384,16384,268435456,268435456,215.19854638539255,214.5747582912445,0.0,1.144,0.998,0,/direct/sdcc+u/lchen6/cpu_logs/0551_new_agent_cpu_samples100_din16384_dout16384_read268435456_write268435456.log
3,552,new_agent,cpu,100,16384,16384,536870912,536870912,216.3594673462212,215.64484000205994,0.0,1.148,0.996,0,/direct/sdcc+u/lchen6/cpu_logs/0552_new_agent_cpu_samples100_din16384_dout16384_read536870912_write536870912.log
3,553,new_agent,cpu,100,32768,32768,4194304,4194304,835.531049715355,834.8512177467346,0.0,1.146,0.999,0,/direct/sdcc+u/lchen6/cpu_logs/0553_new_agent_cpu_samples100_din32768_dout32768_read4194304_write4194304.log
3,554,new_agent,cpu,100,32768,32768,8388608,8388608,836.1425919132307,835.498804807663,0.0,1.145,1.0,0,/direct/sdcc+u/lchen6/cpu_logs/0554_new_agent_cpu_samples100_din32768_dout32768_read8388608_write8388608.log
3,555,new_agent,cpu,100,32768,32768,16777216,16777216,837.7386913467199,837.1711845397949,0.0,1.143,1.0,0,/direct/sdcc+u/lchen6/cpu_logs/0555_new_agent_cpu_samples100_din32768_dout32768_read16777216_write16777216.log
3,556,new_agent,cpu,100,32768,32768,33554432,33554432,838.2434916747734,837.6698241233826,0.0,1.151,1.0,0,/direct/sdcc+u/lchen6/cpu_logs/0556_new_agent_cpu_samples100_din32768_dout32768_read33554432_write33554432.log
3,557,new_agent,cpu,100,32768,32768,67108864,67108864,835.7955665206537,835.1829981803894,0.0,1.146,1.0,0,/direct/sdcc+u/lchen6/cpu_logs/0557_new_agent_cpu_samples100_din32768_dout32768_read67108864_write67108864.log
3,558,new_agent,cpu,100,32768,32768,134217728,134217728,837.8427818221971,837.2512712478638,0.0,1.146,0.999,0,/direct/sdcc+u/lchen6/cpu_logs/0558_new_agent_cpu_samples100_din32768_dout32768_read134217728_write134217728.log
3,559,new_agent,cpu,100,32768,32768,268435456,268435456,837.5905205318704,836.9817447662354,0.0,1.145,0.999,0,/direct/sdcc+u/lchen6/cpu_logs/0559_new_agent_cpu_samples100_din32768_dout32768_read268435456_write268435456.log
3,560,new_agent,cpu,100,32768,32768,536870912,536870912,837.5372323673218,836.8947405815125,0.0,1.144,0.999,0,/direct/sdcc+u/lchen6/cpu_logs/0560_new_agent_cpu_samples100_din32768_dout32768_read536870912_write536870912.log
3,561,new_training,cpu,100,4,4,4194304,4194304,0.668517928570509,0.025274276733398438,0.0,2.144,0.466,0,/direct/sdcc+u/lchen6/cpu_logs/0561_new_training_cpu_samples100_din4_dout4_read4194304_write4194304.log
3,562,new_training,cpu,100,4,4,8388608,8388608,0.5326686697080731,0.029017925262451172,0.0,2.165,0.573,0,/direct/sdcc+u/lchen6/cpu_logs/0562_new_training_cpu_samples100_din4_dout4_read8388608_write8388608.log
3,563,new_training,cpu,100,4,4,16777216,16777216,0.529772181995213,0.038671255111694336,0.0,2.148,0.584,0,/direct/sdcc+u/lchen6/cpu_logs/0563_new_training_cpu_samples100_din4_dout4_read16777216_write16777216.log
3,564,new_training,cpu,100,4,4,33554432,33554432,0.5521913254633546,0.05888843536376953,0.0,2.07,0.578,0,/direct/sdcc+u/lchen6/cpu_logs/0564_new_training_cpu_samples100_din4_dout4_read33554432_write33554432.log
3,565,new_training,cpu,100,4,4,67108864,67108864,0.616884927265346,0.0979013442993164,0.0,1.974,0.542,0,/direct/sdcc+u/lchen6/cpu_logs/0565_new_training_cpu_samples100_din4_dout4_read67108864_write67108864.log
3,566,new_training,cpu,100,4,4,134217728,134217728,0.6675092382356524,0.1749887466430664,0.0,1.803,0.548,0,/direct/sdcc+u/lchen6/cpu_logs/0566_new_training_cpu_samples100_din4_dout4_read134217728_write134217728.log
3,567,new_training,cpu,100,4,4,268435456,268435456,0.8447511596605182,0.3335905075073242,0.0,1.522,0.513,0,/direct/sdcc+u/lchen6/cpu_logs/0567_new_training_cpu_samples100_din4_dout4_read268435456_write268435456.log
3,568,new_training,cpu,100,4,4,536870912,536870912,1.2219133703038096,0.6447484493255615,0.0,1.247,0.432,0,/direct/sdcc+u/lchen6/cpu_logs/0568_new_training_cpu_samples100_din4_dout4_read536870912_write536870912.log
3,569,new_training,cpu,100,8,8,4194304,4194304,0.5420488249510527,0.023444414138793945,0.0,2.177,0.559,0,/direct/sdcc+u/lchen6/cpu_logs/0569_new_training_cpu_samples100_din8_dout8_read4194304_write4194304.log
3,570,new_training,cpu,100,8,8,8388608,8388608,0.5060240542516112,0.028831005096435547,0.0,2.186,0.6,0,/direct/sdcc+u/lchen6/cpu_logs/0570_new_training_cpu_samples100_din8_dout8_read8388608_write8388608.log
3,571,new_training,cpu,100,8,8,16777216,16777216,0.5232032230123878,0.041246891021728516,0.0,2.155,0.587,0,/direct/sdcc+u/lchen6/cpu_logs/0571_new_training_cpu_samples100_din8_dout8_read16777216_write16777216.log
3,572,new_training,cpu,100,8,8,33554432,33554432,0.5321535188704729,0.058701515197753906,0.0,2.085,0.596,0,/direct/sdcc+u/lchen6/cpu_logs/0572_new_training_cpu_samples100_din8_dout8_read33554432_write33554432.log
3,573,new_training,cpu,100,8,8,67108864,67108864,0.5845504719763994,0.09730052947998047,0.0,1.999,0.57,0,/direct/sdcc+u/lchen6/cpu_logs/0573_new_training_cpu_samples100_din8_dout8_read67108864_write67108864.log
3,574,new_training,cpu,100,8,8,134217728,134217728,0.6731669707223773,0.1766805648803711,0.0,1.818,0.542,0,/direct/sdcc+u/lchen6/cpu_logs/0574_new_training_cpu_samples100_din8_dout8_read134217728_write134217728.log
3,575,new_training,cpu,100,8,8,268435456,268435456,0.8451758334413171,0.3328287601470947,0.0,1.533,0.511,0,/direct/sdcc+u/lchen6/cpu_logs/0575_new_training_cpu_samples100_din8_dout8_read268435456_write268435456.log
3,576,new_training,cpu,100,8,8,536870912,536870912,1.177765985019505,0.6459317207336426,0.0,1.181,0.475,0,/direct/sdcc+u/lchen6/cpu_logs/0576_new_training_cpu_samples100_din8_dout8_read536870912_write536870912.log
3,577,new_training,cpu,100,16,16,4194304,4194304,0.5632547102868557,0.02553415298461914,0.0,2.198,0.539,0,/direct/sdcc+u/lchen6/cpu_logs/0577_new_training_cpu_samples100_din16_dout16_read4194304_write4194304.log
3,578,new_training,cpu,100,16,16,8388608,8388608,0.5087533118203282,0.03005194664001465,0.0,2.179,0.602,0,/direct/sdcc+u/lchen6/cpu_logs/0578_new_training_cpu_samples100_din16_dout16_read8388608_write8388608.log
3,579,new_training,cpu,100,16,16,16777216,16777216,0.5233765030279756,0.03995656967163086,0.0,2.16,0.591,0,/direct/sdcc+u/lchen6/cpu_logs/0579_new_training_cpu_samples100_din16_dout16_read16777216_write16777216.log
3,580,new_training,cpu,100,16,16,33554432,33554432,0.5452111372724175,0.059014320373535156,0.0,2.104,0.582,0,/direct/sdcc+u/lchen6/cpu_logs/0580_new_training_cpu_samples100_din16_dout16_read33554432_write33554432.log
3,581,new_training,cpu,100,16,16,67108864,67108864,0.5889409398660064,0.09985065460205078,0.0,1.994,0.568,0,/direct/sdcc+u/lchen6/cpu_logs/0581_new_training_cpu_samples100_din16_dout16_read67108864_write67108864.log
3,582,new_training,cpu,100,16,16,134217728,134217728,0.6772625157609582,0.17714428901672363,0.0,1.81,0.543,0,/direct/sdcc+u/lchen6/cpu_logs/0582_new_training_cpu_samples100_din16_dout16_read134217728_write134217728.log
3,583,new_training,cpu,100,16,16,268435456,268435456,0.8498448869213462,0.3353312015533447,0.0,1.538,0.509,0,/direct/sdcc+u/lchen6/cpu_logs/0583_new_training_cpu_samples100_din16_dout16_read268435456_write268435456.log
3,584,new_training,cpu,100,16,16,536870912,536870912,1.2138794120401144,0.6486907005310059,0.0,1.172,0.467,0,/direct/sdcc+u/lchen6/cpu_logs/0584_new_training_cpu_samples100_din16_dout16_read536870912_write536870912.log
3,585,new_training,cpu,100,32,32,4194304,4194304,0.579834052361548,0.025164127349853516,0.0,2.204,0.523,0,/direct/sdcc+u/lchen6/cpu_logs/0585_new_training_cpu_samples100_din32_dout32_read4194304_write4194304.log
3,586,new_training,cpu,100,32,32,8388608,8388608,0.5100353248417377,0.03045177459716797,0.0,2.194,0.598,0,/direct/sdcc+u/lchen6/cpu_logs/0586_new_training_cpu_samples100_din32_dout32_read8388608_write8388608.log
3,587,new_training,cpu,100,32,32,16777216,16777216,0.5426369132474065,0.041007280349731445,0.0,2.145,0.572,0,/direct/sdcc+u/lchen6/cpu_logs/0587_new_training_cpu_samples100_din32_dout32_read16777216_write16777216.log
3,588,new_training,cpu,100,32,32,33554432,33554432,0.5508044837042689,0.059748172760009766,0.0,2.098,0.577,0,/direct/sdcc+u/lchen6/cpu_logs/0588_new_training_cpu_samples100_din32_dout32_read33554432_write33554432.log
3,589,new_training,cpu,100,32,32,67108864,67108864,0.6111278915777802,0.10155296325683594,0.0,2.002,0.547,0,/direct/sdcc+u/lchen6/cpu_logs/0589_new_training_cpu_samples100_din32_dout32_read67108864_write67108864.log
3,590,new_training,cpu,100,32,32,134217728,134217728,0.6674894308671355,0.17740297317504883,0.0,1.829,0.547,0,/direct/sdcc+u/lchen6/cpu_logs/0590_new_training_cpu_samples100_din32_dout32_read134217728_write134217728.log
3,591,new_training,cpu,100,32,32,268435456,268435456,0.8412985987961292,0.33414268493652344,0.0,1.541,0.512,0,/direct/sdcc+u/lchen6/cpu_logs/0591_new_training_cpu_samples100_din32_dout32_read268435456_write268435456.log
3,592,new_training,cpu,100,32,32,536870912,536870912,1.1817428907379508,0.646343469619751,0.0,1.189,0.474,0,/direct/sdcc+u/lchen6/cpu_logs/0592_new_training_cpu_samples100_din32_dout32_read536870912_write536870912.log
3,593,new_training,cpu,100,64,64,4194304,4194304,0.5722205201163888,0.027994632720947266,0.0,2.194,0.534,0,/direct/sdcc+u/lchen6/cpu_logs/0593_new_training_cpu_samples100_din64_dout64_read4194304_write4194304.log
3,594,new_training,cpu,100,64,64,8388608,8388608,0.5080103883519769,0.03183388710021973,0.0,2.208,0.601,0,/direct/sdcc+u/lchen6/cpu_logs/0594_new_training_cpu_samples100_din64_dout64_read8388608_write8388608.log
3,595,new_training,cpu,100,64,64,16777216,16777216,0.5234652506187558,0.041013479232788086,0.0,2.176,0.592,0,/direct/sdcc+u/lchen6/cpu_logs/0595_new_training_cpu_samples100_din64_dout64_read16777216_write16777216.log
3,596,new_training,cpu,100,64,64,33554432,33554432,0.5502686938270926,0.06183648109436035,0.0,2.1,0.58,0,/direct/sdcc+u/lchen6/cpu_logs/0596_new_training_cpu_samples100_din64_dout64_read33554432_write33554432.log
3,597,new_training,cpu,100,64,64,67108864,67108864,0.5946877123787999,0.10030388832092285,0.0,2.018,0.56,0,/direct/sdcc+u/lchen6/cpu_logs/0597_new_training_cpu_samples100_din64_dout64_read67108864_write67108864.log
3,598,new_training,cpu,100,64,64,134217728,134217728,0.6803001575171947,0.1771383285522461,0.0,1.846,0.535,0,/direct/sdcc+u/lchen6/cpu_logs/0598_new_training_cpu_samples100_din64_dout64_read134217728_write134217728.log
3,599,new_training,cpu,100,64,64,268435456,268435456,0.8383847419172525,0.3343219757080078,0.0,1.557,0.514,0,/direct/sdcc+u/lchen6/cpu_logs/0599_new_training_cpu_samples100_din64_dout64_read268435456_write268435456.log
3,600,new_training,cpu,100,64,64,536870912,536870912,1.1966869328171015,0.6483912467956543,0.0,1.186,0.471,0,/direct/sdcc+u/lchen6/cpu_logs/0600_new_training_cpu_samples100_din64_dout64_read536870912_write536870912.log
3,601,new_training,cpu,100,128,128,4194304,4194304,0.5751165812835097,0.04328036308288574,0.0,2.268,0.56,0,/direct/sdcc+u/lchen6/cpu_logs/0601_new_training_cpu_samples100_din128_dout128_read4194304_write4194304.log
3,602,new_training,cpu,100,128,128,8388608,8388608,0.5385651551187038,0.049332618713378906,0.0,2.25,0.6,0,/direct/sdcc+u/lchen6/cpu_logs/0602_new_training_cpu_samples100_din128_dout128_read8388608_write8388608.log
3,603,new_training,cpu,100,128,128,16777216,16777216,0.550117258913815,0.057059526443481445,0.0,2.2,0.597,0,/direct/sdcc+u/lchen6/cpu_logs/0603_new_training_cpu_samples100_din128_dout128_read16777216_write16777216.log
3,604,new_training,cpu,100,128,128,33554432,33554432,0.5546246664598584,0.07569527626037598,0.0,2.18,0.599,0,/direct/sdcc+u/lchen6/cpu_logs/0604_new_training_cpu_samples100_din128_dout128_read33554432_write33554432.log
3,605,new_training,cpu,100,128,128,67108864,67108864,0.6130877807736397,0.11693334579467773,0.0,2.078,0.571,0,/direct/sdcc+u/lchen6/cpu_logs/0605_new_training_cpu_samples100_din128_dout128_read67108864_write67108864.log
3,606,new_training,cpu,100,128,128,134217728,134217728,0.6953642629086971,0.19594168663024902,0.0,1.889,0.552,0,/direct/sdcc+u/lchen6/cpu_logs/0606_new_training_cpu_samples100_din128_dout128_read134217728_write134217728.log
3,607,new_training,cpu,100,128,128,268435456,268435456,0.8753101397305727,0.35315442085266113,0.0,1.613,0.513,0,/direct/sdcc+u/lchen6/cpu_logs/0607_new_training_cpu_samples100_din128_dout128_read268435456_write268435456.log
3,608,new_training,cpu,100,128,128,536870912,536870912,1.2204987201839685,0.6635024547576904,0.0,1.249,0.475,0,/direct/sdcc+u/lchen6/cpu_logs/0608_new_training_cpu_samples100_din128_dout128_read536870912_write536870912.log
3,609,new_training,cpu,100,256,256,4194304,4194304,0.6307089254260063,0.08400774002075195,0.0,2.394,0.571,0,/direct/sdcc+u/lchen6/cpu_logs/0609_new_training_cpu_samples100_din256_dout256_read4194304_write4194304.log
3,610,new_training,cpu,100,256,256,8388608,8388608,0.5803935509175062,0.08964800834655762,0.0,2.382,0.628,0,/direct/sdcc+u/lchen6/cpu_logs/0610_new_training_cpu_samples100_din256_dout256_read8388608_write8388608.log
3,611,new_training,cpu,100,256,256,16777216,16777216,0.6065331995487213,0.10079479217529297,0.0,2.335,0.613,0,/direct/sdcc+u/lchen6/cpu_logs/0611_new_training_cpu_samples100_din256_dout256_read16777216_write16777216.log
3,612,new_training,cpu,100,256,256,33554432,33554432,0.6182964229956269,0.11939239501953125,0.0,2.312,0.612,0,/direct/sdcc+u/lchen6/cpu_logs/0612_new_training_cpu_samples100_din256_dout256_read33554432_write33554432.log
3,613,new_training,cpu,100,256,256,67108864,67108864,0.6796578606590629,0.15734648704528809,0.0,2.2,0.579,0,/direct/sdcc+u/lchen6/cpu_logs/0613_new_training_cpu_samples100_din256_dout256_read67108864_write67108864.log
3,614,new_training,cpu,100,256,256,134217728,134217728,0.7529687155038118,0.23539113998413086,0.0,2.054,0.561,0,/direct/sdcc+u/lchen6/cpu_logs/0614_new_training_cpu_samples100_din256_dout256_read134217728_write134217728.log
3,615,new_training,cpu,100,256,256,268435456,268435456,0.9109950345009565,0.3907630443572998,0.0,1.774,0.533,0,/direct/sdcc+u/lchen6/cpu_logs/0615_new_training_cpu_samples100_din256_dout256_read268435456_write268435456.log
3,616,new_training,cpu,100,256,256,536870912,536870912,1.2639362337067723,0.7080984115600586,0.0,1.393,0.492,0,/direct/sdcc+u/lchen6/cpu_logs/0616_new_training_cpu_samples100_din256_dout256_read536870912_write536870912.log
3,617,new_training,cpu,100,512,512,4194304,4194304,0.7863832842558622,0.22817254066467285,0.0,2.657,0.645,0,/direct/sdcc+u/lchen6/cpu_logs/0617_new_training_cpu_samples100_din512_dout512_read4194304_write4194304.log
3,618,new_training,cpu,100,512,512,8388608,8388608,0.7486702427268028,0.25206589698791504,0.0,2.684,0.704,0,/direct/sdcc+u/lchen6/cpu_logs/0618_new_training_cpu_samples100_din512_dout512_read8388608_write8388608.log
3,619,new_training,cpu,100,512,512,16777216,16777216,0.8166916286572814,0.24924445152282715,0.0,2.634,0.638,0,/direct/sdcc+u/lchen6/cpu_logs/0619_new_training_cpu_samples100_din512_dout512_read16777216_write16777216.log
3,620,new_training,cpu,100,512,512,33554432,33554432,0.782299842685461,0.27530574798583984,0.0,2.61,0.685,0,/direct/sdcc+u/lchen6/cpu_logs/0620_new_training_cpu_samples100_din512_dout512_read33554432_write33554432.log
3,621,new_training,cpu,100,512,512,67108864,67108864,0.8205009177327156,0.30944323539733887,0.0,2.528,0.663,0,/direct/sdcc+u/lchen6/cpu_logs/0621_new_training_cpu_samples100_din512_dout512_read67108864_write67108864.log
3,622,new_training,cpu,100,512,512,134217728,134217728,0.8955044345930219,0.3871326446533203,0.0,2.378,0.644,0,/direct/sdcc+u/lchen6/cpu_logs/0622_new_training_cpu_samples100_din512_dout512_read134217728_write134217728.log
3,623,new_training,cpu,100,512,512,268435456,268435456,1.0715150954201818,0.5481147766113281,0.0,2.154,0.601,0,/direct/sdcc+u/lchen6/cpu_logs/0623_new_training_cpu_samples100_din512_dout512_read268435456_write268435456.log
3,624,new_training,cpu,100,512,512,536870912,536870912,1.4010949032381177,0.8539190292358398,0.0,1.785,0.548,0,/direct/sdcc+u/lchen6/cpu_logs/0624_new_training_cpu_samples100_din512_dout512_read536870912_write536870912.log
3,625,new_training,cpu,100,1024,1024,4194304,4194304,1.3059657979756594,0.7800846099853516,0.0,3.024,0.814,0,/direct/sdcc+u/lchen6/cpu_logs/0625_new_training_cpu_samples100_din1024_dout1024_read4194304_write4194304.log
3,626,new_training,cpu,100,1024,1024,8388608,8388608,1.2737473472952843,0.7840349674224854,0.0,3.027,0.834,0,/direct/sdcc+u/lchen6/cpu_logs/0626_new_training_cpu_samples100_din1024_dout1024_read8388608_write8388608.log
3,627,new_training,cpu,100,1024,1024,16777216,16777216,1.2941493848338723,0.7929725646972656,0.0,3.017,0.824,0,/direct/sdcc+u/lchen6/cpu_logs/0627_new_training_cpu_samples100_din1024_dout1024_read16777216_write16777216.log
3,628,new_training,cpu,100,1024,1024,33554432,33554432,1.3410803768783808,0.819812536239624,0.0,2.981,0.809,0,/direct/sdcc+u/lchen6/cpu_logs/0628_new_training_cpu_samples100_din1024_dout1024_read33554432_write33554432.log
3,629,new_training,cpu,100,1024,1024,67108864,67108864,1.372919007204473,0.8566203117370605,0.0,2.947,0.798,0,/direct/sdcc+u/lchen6/cpu_logs/0629_new_training_cpu_samples100_din1024_dout1024_read67108864_write67108864.log
3,630,new_training,cpu,100,1024,1024,134217728,134217728,1.4178171204403043,0.9292759895324707,0.0,2.873,0.79,0,/direct/sdcc+u/lchen6/cpu_logs/0630_new_training_cpu_samples100_din1024_dout1024_read134217728_write134217728.log
3,631,new_training,cpu,100,1024,1024,268435456,268435456,1.6114044040441513,1.0973362922668457,0.0,2.705,0.743,0,/direct/sdcc+u/lchen6/cpu_logs/0631_new_training_cpu_samples100_din1024_dout1024_read268435456_write268435456.log
3,632,new_training,cpu,100,1024,1024,536870912,536870912,1.9461168115958571,1.4010536670684814,0.0,2.448,0.673,0,/direct/sdcc+u/lchen6/cpu_logs/0632_new_training_cpu_samples100_din1024_dout1024_read536870912_write536870912.log
3,633,new_training,cpu,100,2048,2048,4194304,4194304,5.634838410653174,5.085245609283447,0.0,2.171,0.953,0,/direct/sdcc+u/lchen6/cpu_logs/0633_new_training_cpu_samples100_din2048_dout2048_read4194304_write4194304.log
3,634,new_training,cpu,100,2048,2048,8388608,8388608,5.634269637987018,5.0508270263671875,0.0,2.165,0.948,0,/direct/sdcc+u/lchen6/cpu_logs/0634_new_training_cpu_samples100_din2048_dout2048_read8388608_write8388608.log
3,635,new_training,cpu,100,2048,2048,16777216,16777216,5.577394910156727,5.090439796447754,0.0,2.138,0.962,0,/direct/sdcc+u/lchen6/cpu_logs/0635_new_training_cpu_samples100_din2048_dout2048_read16777216_write16777216.log
3,636,new_training,cpu,100,2048,2048,33554432,33554432,5.578935948200524,5.092885971069336,0.0,2.126,0.96,0,/direct/sdcc+u/lchen6/cpu_logs/0636_new_training_cpu_samples100_din2048_dout2048_read33554432_write33554432.log
3,637,new_training,cpu,100,2048,2048,67108864,67108864,5.609866647049785,5.1008524894714355,0.0,2.159,0.952,0,/direct/sdcc+u/lchen6/cpu_logs/0637_new_training_cpu_samples100_din2048_dout2048_read67108864_write67108864.log
3,638,new_training,cpu,100,2048,2048,134217728,134217728,5.670060351490974,5.166488409042358,0.0,2.141,0.945,0,/direct/sdcc+u/lchen6/cpu_logs/0638_new_training_cpu_samples100_din2048_dout2048_read134217728_write134217728.log
3,639,new_training,cpu,100,2048,2048,268435456,268435456,5.849504444748163,5.333236455917358,0.0,2.093,0.928,0,/direct/sdcc+u/lchen6/cpu_logs/0639_new_training_cpu_samples100_din2048_dout2048_read268435456_write268435456.log
3,640,new_training,cpu,100,2048,2048,536870912,536870912,6.248854912817478,5.71256947517395,0.0,2.052,0.9,0,/direct/sdcc+u/lchen6/cpu_logs/0640_new_training_cpu_samples100_din2048_dout2048_read536870912_write536870912.log
3,641,new_training,cpu,100,4096,4096,4194304,4194304,21.698671208694577,21.171431064605713,0.0,2.008,0.989,0,/direct/sdcc+u/lchen6/cpu_logs/0641_new_training_cpu_samples100_din4096_dout4096_read4194304_write4194304.log
3,642,new_training,cpu,100,4096,4096,8388608,8388608,21.892589969560504,21.33125352859497,0.0,1.993,0.987,0,/direct/sdcc+u/lchen6/cpu_logs/0642_new_training_cpu_samples100_din4096_dout4096_read8388608_write8388608.log
3,643,new_training,cpu,100,4096,4096,16777216,16777216,21.789696590043604,21.28605318069458,0.0,1.992,0.989,0,/direct/sdcc+u/lchen6/cpu_logs/0643_new_training_cpu_samples100_din4096_dout4096_read16777216_write16777216.log
3,644,new_training,cpu,100,4096,4096,33554432,33554432,21.81680624373257,21.32970094680786,0.0,1.994,0.99,0,/direct/sdcc+u/lchen6/cpu_logs/0644_new_training_cpu_samples100_din4096_dout4096_read33554432_write33554432.log
3,645,new_training,cpu,100,4096,4096,67108864,67108864,21.93292833585292,21.36291527748108,0.0,1.992,0.985,0,/direct/sdcc+u/lchen6/cpu_logs/0645_new_training_cpu_samples100_din4096_dout4096_read67108864_write67108864.log
3,646,new_training,cpu,100,4096,4096,134217728,134217728,21.950470072217286,21.46096658706665,0.0,1.992,0.986,0,/direct/sdcc+u/lchen6/cpu_logs/0646_new_training_cpu_samples100_din4096_dout4096_read134217728_write134217728.log
3,647,new_training,cpu,100,4096,4096,268435456,268435456,22.14798124600202,21.624945402145386,0.0,1.984,0.981,0,/direct/sdcc+u/lchen6/cpu_logs/0647_new_training_cpu_samples100_din4096_dout4096_read268435456_write268435456.log
3,648,new_training,cpu,100,4096,4096,536870912,536870912,22.514162159524858,21.905348539352417,0.0,1.971,0.969,0,/direct/sdcc+u/lchen6/cpu_logs/0648_new_training_cpu_samples100_din4096_dout4096_read536870912_write536870912.log
3,649,new_training,cpu,100,8192,8192,4194304,4194304,86.67833120562136,86.13021612167358,0.0,2.03,0.997,0,/direct/sdcc+u/lchen6/cpu_logs/0649_new_training_cpu_samples100_din8192_dout8192_read4194304_write4194304.log
3,650,new_training,cpu,100,8192,8192,8388608,8388608,86.86534552555531,86.28495526313782,0.0,2.03,0.997,0,/direct/sdcc+u/lchen6/cpu_logs/0650_new_training_cpu_samples100_din8192_dout8192_read8388608_write8388608.log
3,651,new_training,cpu,100,8192,8192,16777216,16777216,86.7776064472273,86.15934181213379,0.0,2.026,0.996,0,/direct/sdcc+u/lchen6/cpu_logs/0651_new_training_cpu_samples100_din8192_dout8192_read16777216_write16777216.log
3,652,new_training,cpu,100,8192,8192,33554432,33554432,86.80220443475991,86.22172451019287,0.0,2.027,0.996,0,/direct/sdcc+u/lchen6/cpu_logs/0652_new_training_cpu_samples100_din8192_dout8192_read33554432_write33554432.log
3,653,new_training,cpu,100,8192,8192,67108864,67108864,86.90137360617518,86.31502413749695,0.0,2.026,0.996,0,/direct/sdcc+u/lchen6/cpu_logs/0653_new_training_cpu_samples100_din8192_dout8192_read67108864_write67108864.log
3,654,new_training,cpu,100,8192,8192,134217728,134217728,86.99815901461989,86.40321016311646,0.0,2.023,0.995,0,/direct/sdcc+u/lchen6/cpu_logs/0654_new_training_cpu_samples100_din8192_dout8192_read134217728_write134217728.log
3,655,new_training,cpu,100,8192,8192,268435456,268435456,87.4428921090439,86.80468440055847,0.0,2.022,0.994,0,/direct/sdcc+u/lchen6/cpu_logs/0655_new_training_cpu_samples100_din8192_dout8192_read268435456_write268435456.log
3,656,new_training,cpu,100,8192,8192,536870912,536870912,87.62770989816636,86.98694038391113,0.0,2.02,0.992,0,/direct/sdcc+u/lchen6/cpu_logs/0656_new_training_cpu_samples100_din8192_dout8192_read536870912_write536870912.log
3,657,new_training,cpu,100,16384,16384,4194304,4194304,346.98553003463894,346.3466765880585,0.0,2.029,0.999,0,/direct/sdcc+u/lchen6/cpu_logs/0657_new_training_cpu_samples100_din16384_dout16384_read4194304_write4194304.log
3,658,new_training,cpu,100,16384,16384,8388608,8388608,346.74201257154346,346.05500841140747,0.0,2.028,0.999,0,/direct/sdcc+u/lchen6/cpu_logs/0658_new_training_cpu_samples100_din16384_dout16384_read8388608_write8388608.log
3,659,new_training,cpu,100,16384,16384,16777216,16777216,347.17032924387604,346.515070438385,0.0,2.031,0.999,0,/direct/sdcc+u/lchen6/cpu_logs/0659_new_training_cpu_samples100_din16384_dout16384_read16777216_write16777216.log
3,660,new_training,cpu,100,16384,16384,33554432,33554432,347.0580236176029,346.41939640045166,0.0,2.029,0.999,0,/direct/sdcc+u/lchen6/cpu_logs/0660_new_training_cpu_samples100_din16384_dout16384_read33554432_write33554432.log
3,661,new_training,cpu,100,16384,16384,67108864,67108864,346.48893805686384,345.85770535469055,0.0,2.028,0.999,0,/direct/sdcc+u/lchen6/cpu_logs/0661_new_training_cpu_samples100_din16384_dout16384_read67108864_write67108864.log
3,662,new_training,cpu,100,16384,16384,134217728,134217728,347.01093287114054,346.3581323623657,0.0,2.03,0.999,0,/direct/sdcc+u/lchen6/cpu_logs/0662_new_training_cpu_samples100_din16384_dout16384_read134217728_write134217728.log
3,663,new_training,cpu,100,16384,16384,268435456,268435456,346.7017979333177,346.03294920921326,0.0,2.032,0.998,0,/direct/sdcc+u/lchen6/cpu_logs/0663_new_training_cpu_samples100_din16384_dout16384_read268435456_write268435456.log
3,664,new_training,cpu,100,16384,16384,536870912,536870912,347.05582037288696,346.31376814842224,0.0,2.03,0.997,0,/direct/sdcc+u/lchen6/cpu_logs/0664_new_training_cpu_samples100_din16384_dout16384_read536870912_write536870912.log
3,665,new_training,cpu,100,32768,32768,4194304,4194304,1266.8165491288528,1266.0898649692535,0.0,1.949,1.0,0,/direct/sdcc+u/lchen6/cpu_logs/0665_new_training_cpu_samples100_din32768_dout32768_read4194304_write4194304.log
3,666,new_training,cpu,100,32768,32768,8388608,8388608,1266.68046761211,1266.0783908367157,0.0,1.95,1.0,0,/direct/sdcc+u/lchen6/cpu_logs/0666_new_training_cpu_samples100_din32768_dout32768_read8388608_write8388608.log
3,667,new_training,cpu,100,32768,32768,16777216,16777216,1267.3014953220263,1266.7290079593658,0.0,1.954,1.0,0,/direct/sdcc+u/lchen6/cpu_logs/0667_new_training_cpu_samples100_din32768_dout32768_read16777216_write16777216.log
3,668,new_training,cpu,100,32768,32768,33554432,33554432,1267.2005428783596,1266.6333231925964,0.0,1.954,1.0,0,/direct/sdcc+u/lchen6/cpu_logs/0668_new_training_cpu_samples100_din32768_dout32768_read33554432_write33554432.log
3,669,new_training,cpu,100,32768,32768,67108864,67108864,1269.153166294098,1268.5385403633118,0.0,1.952,1.0,0,/direct/sdcc+u/lchen6/cpu_logs/0669_new_training_cpu_samples100_din32768_dout32768_read67108864_write67108864.log
3,670,new_training,cpu,100,32768,32768,134217728,134217728,1267.8257094239816,1267.1004440784454,0.0,1.951,1.0,0,/direct/sdcc+u/lchen6/cpu_logs/0670_new_training_cpu_samples100_din32768_dout32768_read134217728_write134217728.log
3,671,new_training,cpu,100,32768,32768,268435456,268435456,1269.0407212721184,1268.238002538681,0.0,1.95,0.999,0,/direct/sdcc+u/lchen6/cpu_logs/0671_new_training_cpu_samples100_din32768_dout32768_read268435456_write268435456.log
3,672,new_training,cpu,100,32768,32768,536870912,536870912,1269.2441494679078,1268.607046365738,0.0,1.953,0.999,0,/direct/sdcc+u/lchen6/cpu_logs/0672_new_training_cpu_samples100_din32768_dout32768_read536870912_write536870912.log
