trial,run_id,monitored_gpu,task_type,device,num_sample,dense_dim_in,dense_dim_out,read_size_bytes,write_size_bytes,runtime_wall_s,runtime_reported_s,transfer_h2d_s,transfer_d2h_s,gpu_util_avg_pct,gpu_util_max_pct,gpu_sm_clock_avg_ghz,gpu_sm_clock_max_ghz,exit_code,log_file
1,1,0,new_agent,gpu,100,4,4,4194304,4194304,1.5201990315690637,0.5098631381988525,0.0024144649505615234,,0.3,3.0,0.636,1.275,0,/direct/sdcc+u/lchen6/gpu_logs/0001_new_agent_gpu_samples100_din4_dout4_read4194304_write4194304.log
1,2,0,new_agent,gpu,100,4,4,8388608,8388608,1.6709376825019717,0.6027638912200928,0.002365589141845703,,1.7272727272727273,6.0,1.285909090909091,1.305,0,/direct/sdcc+u/lchen6/gpu_logs/0002_new_agent_gpu_samples100_din4_dout4_read8388608_write8388608.log
1,3,0,new_agent,gpu,100,4,4,16777216,16777216,1.3363179313018918,0.4553101062774658,0.0024237632751464844,,1.7777777777777777,6.0,1.3016666666666667,1.305,0,/direct/sdcc+u/lchen6/gpu_logs/0003_new_agent_gpu_samples100_din4_dout4_read16777216_write16777216.log
1,4,0,new_agent,gpu,100,4,4,33554432,33554432,1.3673198781907558,0.4699099063873291,0.0024433135986328125,,2.111111111111111,7.0,1.275,1.275,0,/direct/sdcc+u/lchen6/gpu_logs/0004_new_agent_gpu_samples100_din4_dout4_read33554432_write33554432.log
1,5,0,new_agent,gpu,100,4,4,67108864,67108864,1.4551240764558315,0.5072877407073975,0.007896900177001953,,2.0,6.0,1.275,1.275,0,/direct/sdcc+u/lchen6/gpu_logs/0005_new_agent_gpu_samples100_din4_dout4_read67108864_write67108864.log
1,6,0,new_agent,gpu,100,4,4,134217728,134217728,1.6138929072767496,0.7854299545288086,0.0023407936096191406,,1.2727272727272727,7.0,1.275,1.275,0,/direct/sdcc+u/lchen6/gpu_logs/0006_new_agent_gpu_samples100_din4_dout4_read134217728_write134217728.log
1,7,0,new_agent,gpu,100,4,4,268435456,268435456,1.6478401264175773,0.7492740154266357,0.0024690628051757812,,1.8181818181818181,6.0,1.275,1.275,0,/direct/sdcc+u/lchen6/gpu_logs/0007_new_agent_gpu_samples100_din4_dout4_read268435456_write268435456.log
1,8,0,new_agent,gpu,100,4,4,536870912,536870912,1.9733449397608638,1.101830244064331,0.0023937225341796875,,1.1428571428571428,4.0,1.275,1.275,0,/direct/sdcc+u/lchen6/gpu_logs/0008_new_agent_gpu_samples100_din4_dout4_read536870912_write536870912.log
1,9,0,new_agent,gpu,100,8,8,4194304,4194304,1.5053985575214028,0.5297598838806152,0.002476215362548828,,0.8,6.0,1.3155,1.41,0,/direct/sdcc+u/lchen6/gpu_logs/0009_new_agent_gpu_samples100_din8_dout8_read4194304_write4194304.log
1,10,0,new_agent,gpu,100,8,8,8388608,8388608,1.6103690871968865,0.4325828552246094,0.002392292022705078,,1.4545454545454546,6.0,1.3854545454545455,1.41,0,/direct/sdcc+u/lchen6/gpu_logs/0010_new_agent_gpu_samples100_din8_dout8_read8388608_write8388608.log
1,11,0,new_agent,gpu,100,8,8,16777216,16777216,1.3524193344637752,0.45035672187805176,0.0025320053100585938,,2.3333333333333335,7.0,1.28,1.29,0,/direct/sdcc+u/lchen6/gpu_logs/0011_new_agent_gpu_samples100_din8_dout8_read16777216_write16777216.log
1,12,0,new_agent,gpu,100,8,8,33554432,33554432,1.3866696888580918,0.4641873836517334,0.0024156570434570312,,1.2222222222222223,6.0,1.2883333333333333,1.29,0,/direct/sdcc+u/lchen6/gpu_logs/0012_new_agent_gpu_samples100_din8_dout8_read33554432_write33554432.log
1,13,0,new_agent,gpu,100,8,8,67108864,67108864,1.5437980694696307,0.5436210632324219,0.0023534297943115234,,1.1,6.0,1.275,1.275,0,/direct/sdcc+u/lchen6/gpu_logs/0013_new_agent_gpu_samples100_din8_dout8_read67108864_write67108864.log
1,14,0,new_agent,gpu,100,8,8,134217728,134217728,1.9183078296482563,0.6212875843048096,0.0024640560150146484,,1.2307692307692308,7.0,1.2461538461538462,1.275,0,/direct/sdcc+u/lchen6/gpu_logs/0014_new_agent_gpu_samples100_din8_dout8_read134217728_write134217728.log
1,15,0,new_agent,gpu,100,8,8,268435456,268435456,1.7121028881520033,0.7695026397705078,0.0023598670959472656,,1.6666666666666667,6.0,1.3425,1.41,0,/direct/sdcc+u/lchen6/gpu_logs/0015_new_agent_gpu_samples100_din8_dout8_read268435456_write268435456.log
1,16,0,new_agent,gpu,100,8,8,536870912,536870912,2.0343810711055994,1.0680394172668457,0.0025010108947753906,,1.2857142857142858,6.0,1.3425,1.41,0,/direct/sdcc+u/lchen6/gpu_logs/0016_new_agent_gpu_samples100_din8_dout8_read536870912_write536870912.log
1,17,0,new_agent,gpu,100,16,16,4194304,4194304,1.4467338295653462,0.5948469638824463,0.0023937225341796875,,2.0,7.0,1.275,1.275,0,/direct/sdcc+u/lchen6/gpu_logs/0017_new_agent_gpu_samples100_din16_dout16_read4194304_write4194304.log
1,18,0,new_agent,gpu,100,16,16,8388608,8388608,1.269540629349649,0.44298434257507324,0.002348661422729492,,1.5,6.0,1.28625,1.32,0,/direct/sdcc+u/lchen6/gpu_logs/0018_new_agent_gpu_samples100_din16_dout16_read8388608_write8388608.log
1,19,0,new_agent,gpu,100,16,16,16777216,16777216,1.2254477767273784,0.44971299171447754,0.002534627914428711,,1.75,6.0,1.33875,1.395,0,/direct/sdcc+u/lchen6/gpu_logs/0019_new_agent_gpu_samples100_din16_dout16_read16777216_write16777216.log
1,20,0,new_agent,gpu,100,16,16,33554432,33554432,1.2652600044384599,0.4514639377593994,0.002424001693725586,,1.0,6.0,1.395,1.395,0,/direct/sdcc+u/lchen6/gpu_logs/0020_new_agent_gpu_samples100_din16_dout16_read33554432_write33554432.log
1,21,0,new_agent,gpu,100,16,16,67108864,67108864,1.6073971362784505,0.5966134071350098,0.0024275779724121094,,2.0,6.0,1.285909090909091,1.395,0,/direct/sdcc+u/lchen6/gpu_logs/0021_new_agent_gpu_samples100_din16_dout16_read67108864_write67108864.log
1,22,0,new_agent,gpu,100,16,16,134217728,134217728,1.4378824261948466,0.6042070388793945,0.0023882389068603516,,1.9,6.0,1.275,1.275,0,/direct/sdcc+u/lchen6/gpu_logs/0022_new_agent_gpu_samples100_din16_dout16_read134217728_write134217728.log
1,23,0,new_agent,gpu,100,16,16,268435456,268435456,1.6676541911438107,0.7453551292419434,0.002395153045654297,,1.2727272727272727,6.0,1.275,1.275,0,/direct/sdcc+u/lchen6/gpu_logs/0023_new_agent_gpu_samples100_din16_dout16_read268435456_write268435456.log
1,24,0,new_agent,gpu,100,16,16,536870912,536870912,1.974264144897461,1.1136534214019775,0.002523660659790039,,1.3571428571428572,6.0,1.292142857142857,1.305,0,/direct/sdcc+u/lchen6/gpu_logs/0024_new_agent_gpu_samples100_din16_dout16_read536870912_write536870912.log
1,25,0,new_agent,gpu,100,32,32,4194304,4194304,1.6425644923001528,0.5988736152648926,0.0024857521057128906,,1.2727272727272727,6.0,1.2886363636363638,1.305,0,/direct/sdcc+u/lchen6/gpu_logs/0025_new_agent_gpu_samples100_din32_dout32_read4194304_write4194304.log
1,26,0,new_agent,gpu,100,32,32,8388608,8388608,1.3425444457679987,0.44329190254211426,0.002485990524291992,,1.8888888888888888,6.0,1.3,1.35,0,/direct/sdcc+u/lchen6/gpu_logs/0026_new_agent_gpu_samples100_din32_dout32_read8388608_write8388608.log
1,27,0,new_agent,gpu,100,32,32,16777216,16777216,1.2383047584444284,0.4476966857910156,0.008558273315429688,,1.5,6.0,1.35,1.35,0,/direct/sdcc+u/lchen6/gpu_logs/0027_new_agent_gpu_samples100_din32_dout32_read16777216_write16777216.log
1,28,0,new_agent,gpu,100,32,32,33554432,33554432,1.4023554353043437,0.4836161136627197,0.002396106719970703,,1.7777777777777777,6.0,1.32,1.41,0,/direct/sdcc+u/lchen6/gpu_logs/0028_new_agent_gpu_samples100_din32_dout32_read33554432_write33554432.log
1,29,0,new_agent,gpu,100,32,32,67108864,67108864,1.5312754465267062,0.4906466007232666,0.0024995803833007812,,2.2,6.0,1.383,1.41,0,/direct/sdcc+u/lchen6/gpu_logs/0029_new_agent_gpu_samples100_din32_dout32_read67108864_write67108864.log
1,30,0,new_agent,gpu,100,32,32,134217728,134217728,1.8516642395406961,0.5940408706665039,0.0024483203887939453,,1.1538461538461537,5.0,1.275,1.275,0,/direct/sdcc+u/lchen6/gpu_logs/0030_new_agent_gpu_samples100_din32_dout32_read134217728_write134217728.log
1,31,0,new_agent,gpu,100,32,32,268435456,268435456,1.667153331451118,0.7567276954650879,0.0024268627166748047,,2.1818181818181817,6.0,1.275,1.275,0,/direct/sdcc+u/lchen6/gpu_logs/0031_new_agent_gpu_samples100_din32_dout32_read268435456_write268435456.log
1,32,0,new_agent,gpu,100,32,32,536870912,536870912,1.9643508894369006,1.0969045162200928,0.0024309158325195312,,1.4285714285714286,6.0,1.275,1.275,0,/direct/sdcc+u/lchen6/gpu_logs/0032_new_agent_gpu_samples100_din32_dout32_read536870912_write536870912.log
1,33,0,new_agent,gpu,100,64,64,4194304,4194304,1.34621100127697,0.43184375762939453,0.0024492740631103516,,1.1111111111111112,7.0,1.275,1.275,0,/direct/sdcc+u/lchen6/gpu_logs/0033_new_agent_gpu_samples100_din64_dout64_read4194304_write4194304.log
1,34,0,new_agent,gpu,100,64,64,8388608,8388608,1.4293288495391607,0.43357133865356445,0.0025026798248291016,,1.4,6.0,1.275,1.275,0,/direct/sdcc+u/lchen6/gpu_logs/0034_new_agent_gpu_samples100_din64_dout64_read8388608_write8388608.log
1,35,0,new_agent,gpu,100,64,64,16777216,16777216,1.457052662037313,0.44909000396728516,0.0024671554565429688,,1.1,6.0,1.302,1.41,0,/direct/sdcc+u/lchen6/gpu_logs/0035_new_agent_gpu_samples100_din64_dout64_read16777216_write16777216.log
1,36,0,new_agent,gpu,100,64,64,33554432,33554432,1.3220184510573745,0.4600808620452881,0.0025238990783691406,,1.4444444444444444,6.0,1.41,1.41,0,/direct/sdcc+u/lchen6/gpu_logs/0036_new_agent_gpu_samples100_din64_dout64_read33554432_write33554432.log
1,37,0,new_agent,gpu,100,64,64,67108864,67108864,1.3902125116437674,0.517418384552002,0.002488374710083008,,1.2222222222222223,6.0,1.29,1.41,0,/direct/sdcc+u/lchen6/gpu_logs/0037_new_agent_gpu_samples100_din64_dout64_read67108864_write67108864.log
1,38,0,new_agent,gpu,100,64,64,134217728,134217728,1.478302439674735,0.5996296405792236,0.0025033950805664062,,1.4,6.0,1.2885,1.32,0,/direct/sdcc+u/lchen6/gpu_logs/0038_new_agent_gpu_samples100_din64_dout64_read134217728_write134217728.log
1,39,0,new_agent,gpu,100,64,64,268435456,268435456,1.6521152583882213,0.757596492767334,0.0024826526641845703,,1.5454545454545454,6.0,1.3118181818181818,1.32,0,/direct/sdcc+u/lchen6/gpu_logs/0039_new_agent_gpu_samples100_din64_dout64_read268435456_write268435456.log
1,40,0,new_agent,gpu,100,64,64,536870912,536870912,1.9009771216660738,1.0852422714233398,0.002482175827026367,,0.8461538461538461,6.0,1.3396153846153844,1.395,0,/direct/sdcc+u/lchen6/gpu_logs/0040_new_agent_gpu_samples100_din64_dout64_read536870912_write536870912.log
1,41,0,new_agent,gpu,100,128,128,4194304,4194304,1.2191372336819768,0.42746472358703613,0.002579212188720703,,1.125,6.0,1.35,1.395,0,/direct/sdcc+u/lchen6/gpu_logs/0041_new_agent_gpu_samples100_din128_dout128_read4194304_write4194304.log
1,42,0,new_agent,gpu,100,128,128,8388608,8388608,1.3331354958936572,0.44478273391723633,0.0025186538696289062,,2.3333333333333335,6.0,1.275,1.275,0,/direct/sdcc+u/lchen6/gpu_logs/0042_new_agent_gpu_samples100_din128_dout128_read8388608_write8388608.log
1,43,0,new_agent,gpu,100,128,128,16777216,16777216,1.324090518988669,0.44751715660095215,0.002530813217163086,,1.7777777777777777,7.0,1.275,1.275,0,/direct/sdcc+u/lchen6/gpu_logs/0043_new_agent_gpu_samples100_din128_dout128_read16777216_write16777216.log
1,44,0,new_agent,gpu,100,128,128,33554432,33554432,1.3360336311161518,0.4711031913757324,0.002504110336303711,,2.6666666666666665,6.0,1.275,1.275,0,/direct/sdcc+u/lchen6/gpu_logs/0044_new_agent_gpu_samples100_din128_dout128_read33554432_write33554432.log
1,45,0,new_agent,gpu,100,128,128,67108864,67108864,1.3791137589141726,0.5072176456451416,0.002504110336303711,,1.6666666666666667,4.0,1.275,1.275,0,/direct/sdcc+u/lchen6/gpu_logs/0045_new_agent_gpu_samples100_din128_dout128_read67108864_write67108864.log
1,46,0,new_agent,gpu,100,128,128,134217728,134217728,1.5011603208258748,0.5939497947692871,0.002503633499145508,,2.1,7.0,1.275,1.275,0,/direct/sdcc+u/lchen6/gpu_logs/0046_new_agent_gpu_samples100_din128_dout128_read134217728_write134217728.log
1,47,0,new_agent,gpu,100,128,128,268435456,268435456,1.644040159881115,0.75341796875,0.002508401870727539,,1.0909090909090908,6.0,1.2954545454545454,1.32,0,/direct/sdcc+u/lchen6/gpu_logs/0047_new_agent_gpu_samples100_din128_dout128_read268435456_write268435456.log
1,48,0,new_agent,gpu,100,128,128,536870912,536870912,2.041959469206631,1.145202398300171,0.0025250911712646484,,1.1428571428571428,6.0,1.3714285714285714,1.41,0,/direct/sdcc+u/lchen6/gpu_logs/0048_new_agent_gpu_samples100_din128_dout128_read536870912_write536870912.log
1,49,0,new_agent,gpu,100,256,256,4194304,4194304,1.3259550482034683,0.4461100101470947,0.0026841163635253906,,2.0,6.0,1.35,1.41,0,/direct/sdcc+u/lchen6/gpu_logs/0049_new_agent_gpu_samples100_din256_dout256_read4194304_write4194304.log
1,50,0,new_agent,gpu,100,256,256,8388608,8388608,1.3219822756946087,0.4446561336517334,0.0026960372924804688,,2.0,6.0,1.275,1.275,0,/direct/sdcc+u/lchen6/gpu_logs/0050_new_agent_gpu_samples100_din256_dout256_read8388608_write8388608.log
1,51,0,new_agent,gpu,100,256,256,16777216,16777216,1.35763874463737,0.4739668369293213,0.002731800079345703,,1.4444444444444444,7.0,1.275,1.275,0,/direct/sdcc+u/lchen6/gpu_logs/0051_new_agent_gpu_samples100_din256_dout256_read16777216_write16777216.log
1,52,0,new_agent,gpu,100,256,256,33554432,33554432,1.3636265825480223,0.4762120246887207,0.014019489288330078,,2.2222222222222223,7.0,1.275,1.275,0,/direct/sdcc+u/lchen6/gpu_logs/0052_new_agent_gpu_samples100_din256_dout256_read33554432_write33554432.log
1,53,0,new_agent,gpu,100,256,256,67108864,67108864,1.3850379521027207,0.5173647403717041,0.002707242965698242,,2.0,6.0,1.28,1.29,0,/direct/sdcc+u/lchen6/gpu_logs/0053_new_agent_gpu_samples100_din256_dout256_read67108864_write67108864.log
1,54,0,new_agent,gpu,100,256,256,134217728,134217728,1.5971312504261732,0.7216455936431885,0.0034275054931640625,,1.0909090909090908,6.0,1.2872727272727273,1.29,0,/direct/sdcc+u/lchen6/gpu_logs/0054_new_agent_gpu_samples100_din256_dout256_read134217728_write134217728.log
1,55,0,new_agent,gpu,100,256,256,268435456,268435456,1.633204654790461,0.7510213851928711,0.0033407211303710938,,1.3636363636363635,6.0,1.275,1.275,0,/direct/sdcc+u/lchen6/gpu_logs/0055_new_agent_gpu_samples100_din256_dout256_read268435456_write268435456.log
1,56,0,new_agent,gpu,100,256,256,536870912,536870912,1.8839699858799577,1.0961487293243408,0.0027015209197998047,,1.3846153846153846,6.0,1.275,1.275,0,/direct/sdcc+u/lchen6/gpu_logs/0056_new_agent_gpu_samples100_din256_dout256_read536870912_write536870912.log
1,57,0,new_agent,gpu,100,512,512,4194304,4194304,1.533375296741724,0.43845367431640625,0.0029735565185546875,,1.8,6.0,1.302,1.41,0,/direct/sdcc+u/lchen6/gpu_logs/0057_new_agent_gpu_samples100_din512_dout512_read4194304_write4194304.log
1,58,0,new_agent,gpu,100,512,512,8388608,8388608,1.2999849878251553,0.4379091262817383,0.0030155181884765625,,2.5555555555555554,6.0,1.41,1.41,0,/direct/sdcc+u/lchen6/gpu_logs/0058_new_agent_gpu_samples100_din512_dout512_read8388608_write8388608.log
1,59,0,new_agent,gpu,100,512,512,16777216,16777216,1.2049679020419717,0.43927669525146484,0.003658294677734375,,1.5,5.0,1.41,1.41,0,/direct/sdcc+u/lchen6/gpu_logs/0059_new_agent_gpu_samples100_din512_dout512_read16777216_write16777216.log
1,60,0,new_agent,gpu,100,512,512,33554432,33554432,1.3689985228702426,0.47460365295410156,0.0029358863830566406,,2.3333333333333335,6.0,1.29,1.41,0,/direct/sdcc+u/lchen6/gpu_logs/0060_new_agent_gpu_samples100_din512_dout512_read33554432_write33554432.log
1,61,0,new_agent,gpu,100,512,512,67108864,67108864,1.3880665078759193,0.5258944034576416,0.0029900074005126953,,1.8888888888888888,7.0,1.275,1.275,0,/direct/sdcc+u/lchen6/gpu_logs/0061_new_agent_gpu_samples100_din512_dout512_read67108864_write67108864.log
1,62,0,new_agent,gpu,100,512,512,134217728,134217728,1.4850285043939948,0.5986995697021484,0.0029675960540771484,,2.1,7.0,1.275,1.275,0,/direct/sdcc+u/lchen6/gpu_logs/0062_new_agent_gpu_samples100_din512_dout512_read134217728_write134217728.log
1,63,0,new_agent,gpu,100,512,512,268435456,268435456,1.6471660379320383,0.7619578838348389,0.0029807090759277344,,1.4545454545454546,6.0,1.275,1.275,0,/direct/sdcc+u/lchen6/gpu_logs/0063_new_agent_gpu_samples100_din512_dout512_read268435456_write268435456.log
1,64,0,new_agent,gpu,100,512,512,536870912,536870912,1.880662364885211,1.0893490314483643,0.0029442310333251953,,1.3076923076923077,6.0,1.275,1.275,0,/direct/sdcc+u/lchen6/gpu_logs/0064_new_agent_gpu_samples100_din512_dout512_read536870912_write536870912.log
1,65,0,new_agent,gpu,100,1024,1024,4194304,4194304,1.2450102353468537,0.44806742668151855,0.005309104919433594,,1.5,6.0,1.275,1.275,0,/direct/sdcc+u/lchen6/gpu_logs/0065_new_agent_gpu_samples100_din1024_dout1024_read4194304_write4194304.log
1,66,0,new_agent,gpu,100,1024,1024,8388608,8388608,1.3432867182418704,0.46138668060302734,0.004921674728393555,,3.3333333333333335,7.0,1.275,1.275,0,/direct/sdcc+u/lchen6/gpu_logs/0066_new_agent_gpu_samples100_din1024_dout1024_read8388608_write8388608.log
1,67,0,new_agent,gpu,100,1024,1024,16777216,16777216,1.3230541469529271,0.45711493492126465,0.004941701889038086,,2.0,7.0,1.315,1.395,0,/direct/sdcc+u/lchen6/gpu_logs/0067_new_agent_gpu_samples100_din1024_dout1024_read16777216_write16777216.log
1,68,0,new_agent,gpu,100,1024,1024,33554432,33554432,1.3183596646413207,0.46961236000061035,0.005450010299682617,,2.7777777777777777,6.0,1.395,1.395,0,/direct/sdcc+u/lchen6/gpu_logs/0068_new_agent_gpu_samples100_din1024_dout1024_read33554432_write33554432.log
1,69,0,new_agent,gpu,100,1024,1024,67108864,67108864,1.3770696017891169,0.5133123397827148,0.004984855651855469,,2.3333333333333335,6.0,1.2766666666666668,1.29,0,/direct/sdcc+u/lchen6/gpu_logs/0069_new_agent_gpu_samples100_din1024_dout1024_read67108864_write67108864.log
1,70,0,new_agent,gpu,100,1024,1024,134217728,134217728,1.4620991246774793,0.5934348106384277,0.005391120910644531,,2.1,7.0,1.329,1.41,0,/direct/sdcc+u/lchen6/gpu_logs/0070_new_agent_gpu_samples100_din1024_dout1024_read134217728_write134217728.log
1,71,0,new_agent,gpu,100,1024,1024,268435456,268435456,1.6210907846689224,0.7443509101867676,0.00495600700378418,,2.0,6.0,1.3731818181818183,1.41,0,/direct/sdcc+u/lchen6/gpu_logs/0071_new_agent_gpu_samples100_din1024_dout1024_read268435456_write268435456.log
1,72,0,new_agent,gpu,100,1024,1024,536870912,536870912,2.0289446879178286,1.1087965965270996,0.005300998687744141,,1.6428571428571428,6.0,1.275,1.275,0,/direct/sdcc+u/lchen6/gpu_logs/0072_new_agent_gpu_samples100_din1024_dout1024_read536870912_write536870912.log
1,73,0,new_agent,gpu,100,2048,2048,4194304,4194304,1.329553690738976,0.451033353805542,0.01067972183227539,,3.2222222222222223,14.0,1.275,1.275,0,/direct/sdcc+u/lchen6/gpu_logs/0073_new_agent_gpu_samples100_din2048_dout2048_read4194304_write4194304.log
1,74,0,new_agent,gpu,100,2048,2048,8388608,8388608,1.3317965678870678,0.4545567035675049,0.010853052139282227,,3.0,14.0,1.275,1.275,0,/direct/sdcc+u/lchen6/gpu_logs/0074_new_agent_gpu_samples100_din2048_dout2048_read8388608_write8388608.log
1,75,0,new_agent,gpu,100,2048,2048,16777216,16777216,1.3541444176808,0.4726102352142334,0.010839700698852539,,3.888888888888889,13.0,1.32,1.41,0,/direct/sdcc+u/lchen6/gpu_logs/0075_new_agent_gpu_samples100_din2048_dout2048_read16777216_write16777216.log
1,76,0,new_agent,gpu,100,2048,2048,33554432,33554432,1.3680076748132706,0.4758639335632324,0.010690450668334961,,3.2222222222222223,13.0,1.3966666666666667,1.41,0,/direct/sdcc+u/lchen6/gpu_logs/0076_new_agent_gpu_samples100_din2048_dout2048_read33554432_write33554432.log
1,77,0,new_agent,gpu,100,2048,2048,67108864,67108864,1.3280611503869295,0.5300905704498291,0.010520696640014648,,2.5555555555555554,13.0,1.2766666666666668,1.29,0,/direct/sdcc+u/lchen6/gpu_logs/0077_new_agent_gpu_samples100_din2048_dout2048_read67108864_write67108864.log
1,78,0,new_agent,gpu,100,2048,2048,134217728,134217728,1.4720270931720734,0.6085822582244873,0.010618209838867188,,4.6,13.0,1.329,1.41,0,/direct/sdcc+u/lchen6/gpu_logs/0078_new_agent_gpu_samples100_din2048_dout2048_read134217728_write134217728.log
1,79,0,new_agent,gpu,100,2048,2048,268435456,268435456,1.7281465865671635,0.7507655620574951,0.010496854782104492,,2.75,13.0,1.365,1.41,0,/direct/sdcc+u/lchen6/gpu_logs/0079_new_agent_gpu_samples100_din2048_dout2048_read268435456_write268435456.log
1,80,0,new_agent,gpu,100,2048,2048,536870912,536870912,1.9950151890516281,1.0987014770507812,0.010451793670654297,,2.5,13.0,1.352142857142857,1.41,0,/direct/sdcc+u/lchen6/gpu_logs/0080_new_agent_gpu_samples100_din2048_dout2048_read536870912_write536870912.log
1,81,0,new_agent,gpu,100,4096,4096,4194304,4194304,1.4062415473163128,0.47568202018737793,0.039830684661865234,,5.555555555555555,40.0,1.3916666666666668,1.41,0,/direct/sdcc+u/lchen6/gpu_logs/0081_new_agent_gpu_samples100_din4096_dout4096_read4194304_write4194304.log
1,82,0,new_agent,gpu,100,4096,4096,8388608,8388608,1.3648142097517848,0.46778392791748047,0.03991365432739258,,10.333333333333334,40.0,1.41,1.41,0,/direct/sdcc+u/lchen6/gpu_logs/0082_new_agent_gpu_samples100_din4096_dout4096_read8388608_write8388608.log
1,83,0,new_agent,gpu,100,4096,4096,16777216,16777216,1.391084898263216,0.49241065979003906,0.04029250144958496,,7.666666666666667,32.0,1.305,1.41,0,/direct/sdcc+u/lchen6/gpu_logs/0083_new_agent_gpu_samples100_din4096_dout4096_read16777216_write16777216.log
1,84,0,new_agent,gpu,100,4096,4096,33554432,33554432,1.4130621161311865,0.522503137588501,0.04153609275817871,,7.555555555555555,33.0,1.275,1.275,0,/direct/sdcc+u/lchen6/gpu_logs/0084_new_agent_gpu_samples100_din4096_dout4096_read33554432_write33554432.log
1,85,0,new_agent,gpu,100,4096,4096,67108864,67108864,1.3440059581771493,0.5522968769073486,0.04120683670043945,,6.888888888888889,36.0,1.275,1.275,0,/direct/sdcc+u/lchen6/gpu_logs/0085_new_agent_gpu_samples100_din4096_dout4096_read67108864_write67108864.log
1,86,0,new_agent,gpu,100,4096,4096,134217728,134217728,1.6194516448304057,0.636955976486206,0.04043102264404297,,9.0,26.0,1.275,1.275,0,/direct/sdcc+u/lchen6/gpu_logs/0086_new_agent_gpu_samples100_din4096_dout4096_read134217728_write134217728.log
1,87,0,new_agent,gpu,100,4096,4096,268435456,268435456,1.7127236425876617,0.8089873790740967,0.03990674018859863,,6.916666666666667,27.0,1.28125,1.29,0,/direct/sdcc+u/lchen6/gpu_logs/0087_new_agent_gpu_samples100_din4096_dout4096_read268435456_write268435456.log
1,88,0,new_agent,gpu,100,4096,4096,536870912,536870912,2.043923767283559,1.1332995891571045,0.03997063636779785,,7.0,40.0,1.3392857142857142,1.38,0,/direct/sdcc+u/lchen6/gpu_logs/0088_new_agent_gpu_samples100_din4096_dout4096_read536870912_write536870912.log
1,89,0,new_agent,gpu,100,8192,8192,4194304,4194304,1.6250433679670095,0.5822584629058838,0.1651461124420166,,23.636363636363637,100.0,1.369090909090909,1.41,0,/direct/sdcc+u/lchen6/gpu_logs/0089_new_agent_gpu_samples100_din8192_dout8192_read4194304_write4194304.log
1,90,0,new_agent,gpu,100,8192,8192,8388608,8388608,1.7605287777259946,0.5898828506469727,0.13521838188171387,,24.833333333333332,100.0,1.41,1.41,0,/direct/sdcc+u/lchen6/gpu_logs/0090_new_agent_gpu_samples100_din8192_dout8192_read8388608_write8388608.log
1,91,0,new_agent,gpu,100,8192,8192,16777216,16777216,1.6680877096951008,0.5958883762359619,0.1648716926574707,,15.818181818181818,74.0,1.41,1.41,0,/direct/sdcc+u/lchen6/gpu_logs/0091_new_agent_gpu_samples100_din8192_dout8192_read16777216_write16777216.log
1,92,0,new_agent,gpu,100,8192,8192,33554432,33554432,1.6849450366571546,0.6341073513031006,0.15763473510742188,,21.454545454545453,100.0,1.41,1.41,0,/direct/sdcc+u/lchen6/gpu_logs/0092_new_agent_gpu_samples100_din8192_dout8192_read33554432_write33554432.log
1,93,0,new_agent,gpu,100,8192,8192,67108864,67108864,1.5950551936402917,0.6597306728363037,0.16396021842956543,,14.363636363636363,100.0,1.41,1.41,0,/direct/sdcc+u/lchen6/gpu_logs/0093_new_agent_gpu_samples100_din8192_dout8192_read67108864_write67108864.log
1,94,0,new_agent,gpu,100,8192,8192,134217728,134217728,1.6182513236999512,0.7396531105041504,0.1539897918701172,,18.636363636363637,89.0,1.41,1.41,0,/direct/sdcc+u/lchen6/gpu_logs/0094_new_agent_gpu_samples100_din8192_dout8192_read134217728_write134217728.log
1,95,0,new_agent,gpu,100,8192,8192,268435456,268435456,1.8008920587599277,0.8943977355957031,0.14096736907958984,,24.666666666666668,99.0,1.41,1.41,0,/direct/sdcc+u/lchen6/gpu_logs/0095_new_agent_gpu_samples100_din8192_dout8192_read268435456_write268435456.log
1,96,0,new_agent,gpu,100,8192,8192,536870912,536870912,2.1782259978353977,1.2439727783203125,0.15594744682312012,,15.066666666666666,100.0,1.41,1.41,0,/direct/sdcc+u/lchen6/gpu_logs/0096_new_agent_gpu_samples100_din8192_dout8192_read536870912_write536870912.log
1,97,0,new_agent,gpu,100,16384,16384,4194304,4194304,2.9370738975703716,1.035691261291504,0.5009088516235352,,37.89473684210526,100.0,1.3957894736842107,1.41,0,/direct/sdcc+u/lchen6/gpu_logs/0097_new_agent_gpu_samples100_din16384_dout16384_read4194304_write4194304.log
1,98,0,new_agent,gpu,100,16384,16384,8388608,8388608,2.9457108611240983,1.0278148651123047,0.4908945560455322,,41.26315789473684,100.0,1.41,1.41,0,/direct/sdcc+u/lchen6/gpu_logs/0098_new_agent_gpu_samples100_din16384_dout16384_read8388608_write8388608.log
1,99,0,new_agent,gpu,100,16384,16384,16777216,16777216,2.9539987202733755,1.035154104232788,0.49297404289245605,,42.0,100.0,1.41,1.41,0,/direct/sdcc+u/lchen6/gpu_logs/0099_new_agent_gpu_samples100_din16384_dout16384_read16777216_write16777216.log
1,100,0,new_agent,gpu,100,16384,16384,33554432,33554432,3.0212656892836094,1.0760586261749268,0.47083568572998047,,43.6,100.0,1.40325,1.41,0,/direct/sdcc+u/lchen6/gpu_logs/0100_new_agent_gpu_samples100_din16384_dout16384_read33554432_write33554432.log
1,101,0,new_agent,gpu,100,16384,16384,67108864,67108864,2.927975805476308,1.090867280960083,0.4831974506378174,,40.78947368421053,100.0,1.41,1.41,0,/direct/sdcc+u/lchen6/gpu_logs/0101_new_agent_gpu_samples100_din16384_dout16384_read67108864_write67108864.log
1,102,0,new_agent,gpu,100,16384,16384,134217728,134217728,2.94499995931983,1.1683557033538818,0.48824357986450195,,43.94736842105263,100.0,1.41,1.41,0,/direct/sdcc+u/lchen6/gpu_logs/0102_new_agent_gpu_samples100_din16384_dout16384_read134217728_write134217728.log
1,103,0,new_agent,gpu,100,16384,16384,268435456,268435456,2.9581923689693213,1.3389880657196045,0.49056506156921387,,42.15,100.0,1.41,1.41,0,/direct/sdcc+u/lchen6/gpu_logs/0103_new_agent_gpu_samples100_din16384_dout16384_read268435456_write268435456.log
1,104,0,new_agent,gpu,100,16384,16384,536870912,536870912,3.036995269358158,1.7101600170135498,0.5085721015930176,,46.6,100.0,1.40325,1.41,0,/direct/sdcc+u/lchen6/gpu_logs/0104_new_agent_gpu_samples100_din16384_dout16384_read536870912_write536870912.log
1,105,0,new_agent,gpu,100,32768,32768,4194304,4194304,8.062263635918498,3.0468313694000244,1.7707595825195312,,64.50943396226415,100.0,1.3870754716981133,1.41,0,/direct/sdcc+u/lchen6/gpu_logs/0105_new_agent_gpu_samples100_din32768_dout32768_read4194304_write4194304.log
1,106,0,new_agent,gpu,100,32768,32768,8388608,8388608,8.250762410461903,3.056478977203369,1.7580657005310059,,64.35185185185185,100.0,1.395,1.41,0,/direct/sdcc+u/lchen6/gpu_logs/0106_new_agent_gpu_samples100_din32768_dout32768_read8388608_write8388608.log
1,107,0,new_agent,gpu,100,32768,32768,16777216,16777216,8.07898901682347,3.0383172035217285,1.7398169040679932,,66.24528301886792,100.0,1.3972641509433963,1.41,0,/direct/sdcc+u/lchen6/gpu_logs/0107_new_agent_gpu_samples100_din32768_dout32768_read16777216_write16777216.log
1,108,0,new_agent,gpu,100,32768,32768,33554432,33554432,8.119078682735562,3.1629481315612793,1.7987143993377686,,65.90196078431373,100.0,1.41,1.41,0,/direct/sdcc+u/lchen6/gpu_logs/0108_new_agent_gpu_samples100_din32768_dout32768_read33554432_write33554432.log
1,109,0,new_agent,gpu,100,32768,32768,67108864,67108864,8.05503342859447,3.0962159633636475,1.736156940460205,,65.65384615384616,100.0,1.3970192307692306,1.41,0,/direct/sdcc+u/lchen6/gpu_logs/0109_new_agent_gpu_samples100_din32768_dout32768_read67108864_write67108864.log
1,110,0,new_agent,gpu,100,32768,32768,134217728,134217728,8.102991534397006,3.248396396636963,1.7729582786560059,,65.62264150943396,100.0,1.3947169811320754,1.41,0,/direct/sdcc+u/lchen6/gpu_logs/0110_new_agent_gpu_samples100_din32768_dout32768_read134217728_write134217728.log
1,111,0,new_agent,gpu,100,32768,32768,268435456,268435456,8.053962773643434,3.334754228591919,1.7397522926330566,,65.09615384615384,100.0,1.3970192307692306,1.41,0,/direct/sdcc+u/lchen6/gpu_logs/0111_new_agent_gpu_samples100_din32768_dout32768_read268435456_write268435456.log
1,112,0,new_agent,gpu,100,32768,32768,536870912,536870912,8.066608257591724,3.6852333545684814,1.7286219596862793,,64.56603773584905,100.0,1.3972641509433963,1.41,0,/direct/sdcc+u/lchen6/gpu_logs/0112_new_agent_gpu_samples100_din32768_dout32768_read536870912_write536870912.log
1,113,0,new_training,gpu,100,4,4,4194304,4194304,1.2029926870018244,0.4234278202056885,0.0023229122161865234,7.081031799316406e-05,21.75,99.0,1.41,1.41,0,/direct/sdcc+u/lchen6/gpu_logs/0113_new_training_gpu_samples100_din4_dout4_read4194304_write4194304.log
1,114,0,new_training,gpu,100,4,4,8388608,8388608,1.3550081783905625,0.44444727897644043,0.0023424625396728516,6.985664367675781e-05,1.3333333333333333,6.0,1.385,1.41,0,/direct/sdcc+u/lchen6/gpu_logs/0114_new_training_gpu_samples100_din4_dout4_read8388608_write8388608.log
1,115,0,new_training,gpu,100,4,4,16777216,16777216,1.2369748866185546,0.44129180908203125,0.0023450851440429688,7.724761962890625e-05,2.0,6.0,1.38,1.38,0,/direct/sdcc+u/lchen6/gpu_logs/0115_new_training_gpu_samples100_din4_dout4_read16777216_write16777216.log
1,116,0,new_training,gpu,100,4,4,33554432,33554432,1.4638581071048975,0.47130703926086426,0.01540684700012207,6.937980651855469e-05,1.3,6.0,1.2855,1.38,0,/direct/sdcc+u/lchen6/gpu_logs/0116_new_training_gpu_samples100_din4_dout4_read33554432_write33554432.log
1,117,0,new_training,gpu,100,4,4,67108864,67108864,1.3772543584927917,0.5063028335571289,0.0023136138916015625,7.224082946777344e-05,1.3333333333333333,6.0,1.3,1.35,0,/direct/sdcc+u/lchen6/gpu_logs/0117_new_training_gpu_samples100_din4_dout4_read67108864_write67108864.log
1,118,0,new_training,gpu,100,4,4,134217728,134217728,1.4770048120990396,0.580125093460083,0.002374410629272461,7.009506225585938e-05,1.3,6.0,1.362,1.38,0,/direct/sdcc+u/lchen6/gpu_logs/0118_new_training_gpu_samples100_din4_dout4_read134217728_write134217728.log
1,119,0,new_training,gpu,100,4,4,268435456,268435456,1.6259685782715678,0.7407932281494141,0.002927064895629883,7.367134094238281e-05,1.5454545454545454,6.0,1.3513636363636363,1.38,0,/direct/sdcc+u/lchen6/gpu_logs/0119_new_training_gpu_samples100_din4_dout4_read268435456_write268435456.log
1,120,0,new_training,gpu,100,4,4,536870912,536870912,1.9069794537499547,1.0879533290863037,0.0022842884063720703,7.724761962890625e-05,1.0769230769230769,7.0,1.275,1.275,0,/direct/sdcc+u/lchen6/gpu_logs/0120_new_training_gpu_samples100_din4_dout4_read536870912_write536870912.log
1,121,0,new_training,gpu,100,8,8,4194304,4194304,1.2282393276691437,0.4271121025085449,0.0023136138916015625,7.033348083496094e-05,1.375,7.0,1.28625,1.32,0,/direct/sdcc+u/lchen6/gpu_logs/0121_new_training_gpu_samples100_din8_dout8_read4194304_write4194304.log
1,122,0,new_training,gpu,100,8,8,8388608,8388608,1.2251738980412483,0.4466121196746826,0.00712895393371582,7.104873657226562e-05,2.0,6.0,1.33875,1.395,0,/direct/sdcc+u/lchen6/gpu_logs/0122_new_training_gpu_samples100_din8_dout8_read8388608_write8388608.log
1,123,0,new_training,gpu,100,8,8,16777216,16777216,1.2149997474625707,0.43760180473327637,0.0024025440216064453,7.390975952148438e-05,1.75,4.0,1.39875,1.41,0,/direct/sdcc+u/lchen6/gpu_logs/0123_new_training_gpu_samples100_din8_dout8_read16777216_write16777216.log
1,124,0,new_training,gpu,100,8,8,33554432,33554432,1.3170849066227674,0.4595053195953369,0.002993345260620117,7.104873657226562e-05,1.1111111111111112,6.0,1.41,1.41,0,/direct/sdcc+u/lchen6/gpu_logs/0124_new_training_gpu_samples100_din8_dout8_read33554432_write33554432.log
1,125,0,new_training,gpu,100,8,8,67108864,67108864,1.3610833678394556,0.47812318801879883,0.0023076534271240234,6.937980651855469e-05,1.3333333333333333,6.0,1.41,1.41,0,/direct/sdcc+u/lchen6/gpu_logs/0125_new_training_gpu_samples100_din8_dout8_read67108864_write67108864.log
1,126,0,new_training,gpu,100,8,8,134217728,134217728,1.4703454868867993,0.5908935070037842,0.002963542938232422,7.200241088867188e-05,1.4,6.0,1.275,1.275,0,/direct/sdcc+u/lchen6/gpu_logs/0126_new_training_gpu_samples100_din8_dout8_read134217728_write134217728.log
1,127,0,new_training,gpu,100,8,8,268435456,268435456,1.6281850785017014,0.7431049346923828,0.002349376678466797,7.2479248046875e-05,1.7272727272727273,6.0,1.275,1.275,0,/direct/sdcc+u/lchen6/gpu_logs/0127_new_training_gpu_samples100_din8_dout8_read268435456_write268435456.log
1,128,0,new_training,gpu,100,8,8,536870912,536870912,1.8839969485998154,1.0830376148223877,0.002348661422729492,9.799003601074219e-05,1.3076923076923077,6.0,1.275,1.275,0,/direct/sdcc+u/lchen6/gpu_logs/0128_new_training_gpu_samples100_din8_dout8_read536870912_write536870912.log
1,129,0,new_training,gpu,100,16,16,4194304,4194304,1.2241048784926534,0.4314441680908203,0.002367734909057617,5.817413330078125e-05,1.5,6.0,1.275,1.275,0,/direct/sdcc+u/lchen6/gpu_logs/0129_new_training_gpu_samples100_din16_dout16_read4194304_write4194304.log
1,130,0,new_training,gpu,100,16,16,8388608,8388608,1.2342065451666713,0.45475339889526367,0.002400636672973633,5.9604644775390625e-05,1.625,6.0,1.275,1.275,0,/direct/sdcc+u/lchen6/gpu_logs/0130_new_training_gpu_samples100_din16_dout16_read8388608_write8388608.log
1,131,0,new_training,gpu,100,16,16,16777216,16777216,1.3449300695210695,0.46042704582214355,0.002334117889404297,5.793571472167969e-05,1.6666666666666667,6.0,1.275,1.275,0,/direct/sdcc+u/lchen6/gpu_logs/0131_new_training_gpu_samples100_din16_dout16_read16777216_write16777216.log
1,132,0,new_training,gpu,100,16,16,33554432,33554432,1.3531248532235622,0.4705543518066406,0.002313375473022461,6.031990051269531e-05,1.6666666666666667,7.0,1.275,1.275,0,/direct/sdcc+u/lchen6/gpu_logs/0132_new_training_gpu_samples100_din16_dout16_read33554432_write33554432.log
1,133,0,new_training,gpu,100,16,16,67108864,67108864,1.374934327788651,0.52768874168396,0.002344369888305664,5.650520324707031e-05,2.3333333333333335,6.0,1.32,1.41,0,/direct/sdcc+u/lchen6/gpu_logs/0133_new_training_gpu_samples100_din16_dout16_read67108864_write67108864.log
1,134,0,new_training,gpu,100,16,16,134217728,134217728,1.463009562343359,0.573540449142456,0.0023729801177978516,5.7220458984375e-05,1.6,6.0,1.3965,1.41,0,/direct/sdcc+u/lchen6/gpu_logs/0134_new_training_gpu_samples100_din16_dout16_read134217728_write134217728.log
1,135,0,new_training,gpu,100,16,16,268435456,268435456,1.6379511430859566,0.7529072761535645,0.0023190975189208984,6.628036499023438e-05,1.7272727272727273,7.0,1.2818181818181817,1.29,0,/direct/sdcc+u/lchen6/gpu_logs/0135_new_training_gpu_samples100_din16_dout16_read268435456_write268435456.log
1,136,0,new_training,gpu,100,16,16,536870912,536870912,1.949224698357284,1.088498592376709,0.002347707748413086,6.103515625e-05,1.1538461538461537,7.0,1.283076923076923,1.29,0,/direct/sdcc+u/lchen6/gpu_logs/0136_new_training_gpu_samples100_din16_dout16_read536870912_write536870912.log
1,137,0,new_training,gpu,100,32,32,4194304,4194304,1.22509784437716,0.43906450271606445,0.002385854721069336,6.437301635742188e-05,1.125,5.0,1.2975,1.365,0,/direct/sdcc+u/lchen6/gpu_logs/0137_new_training_gpu_samples100_din32_dout32_read4194304_write4194304.log
1,138,0,new_training,gpu,100,32,32,8388608,8388608,1.2230423539876938,0.4372282028198242,0.002383708953857422,5.9604644775390625e-05,2.0,6.0,1.3725,1.395,0,/direct/sdcc+u/lchen6/gpu_logs/0138_new_training_gpu_samples100_din32_dout32_read8388608_write8388608.log
1,139,0,new_training,gpu,100,32,32,16777216,16777216,1.3049516342580318,0.4355762004852295,0.0024373531341552734,5.7697296142578125e-05,2.2222222222222223,6.0,1.395,1.395,0,/direct/sdcc+u/lchen6/gpu_logs/0139_new_training_gpu_samples100_din32_dout32_read16777216_write16777216.log
1,140,0,new_training,gpu,100,32,32,33554432,33554432,1.3499715104699135,0.4706869125366211,0.0024073123931884766,5.91278076171875e-05,2.111111111111111,6.0,1.2883333333333333,1.395,0,/direct/sdcc+u/lchen6/gpu_logs/0140_new_training_gpu_samples100_din32_dout32_read33554432_write33554432.log
1,141,0,new_training,gpu,100,32,32,67108864,67108864,1.3869302775710821,0.5087728500366211,0.002444744110107422,5.8650970458984375e-05,1.7777777777777777,5.0,1.275,1.275,0,/direct/sdcc+u/lchen6/gpu_logs/0141_new_training_gpu_samples100_din32_dout32_read67108864_write67108864.log
1,142,0,new_training,gpu,100,32,32,134217728,134217728,1.48223967384547,0.5973637104034424,0.015816450119018555,5.91278076171875e-05,2.2,7.0,1.275,1.275,0,/direct/sdcc+u/lchen6/gpu_logs/0142_new_training_gpu_samples100_din32_dout32_read134217728_write134217728.log
1,143,0,new_training,gpu,100,32,32,268435456,268435456,1.6277972543612123,0.7458078861236572,0.0023927688598632812,5.841255187988281e-05,1.5454545454545454,6.0,1.275,1.275,0,/direct/sdcc+u/lchen6/gpu_logs/0143_new_training_gpu_samples100_din32_dout32_read268435456_write268435456.log
1,144,0,new_training,gpu,100,32,32,536870912,536870912,1.923195299692452,1.0940518379211426,0.003119230270385742,5.9604644775390625e-05,0.9230769230769231,6.0,1.275,1.275,0,/direct/sdcc+u/lchen6/gpu_logs/0144_new_training_gpu_samples100_din32_dout32_read536870912_write536870912.log
1,145,0,new_training,gpu,100,64,64,4194304,4194304,1.3059555143117905,0.4366159439086914,0.0024216175079345703,5.7697296142578125e-05,1.2222222222222223,6.0,1.275,1.275,0,/direct/sdcc+u/lchen6/gpu_logs/0145_new_training_gpu_samples100_din64_dout64_read4194304_write4194304.log
1,146,0,new_training,gpu,100,64,64,8388608,8388608,1.2240584781393409,0.4358980655670166,0.002402782440185547,5.91278076171875e-05,1.5,6.0,1.30875,1.41,0,/direct/sdcc+u/lchen6/gpu_logs/0146_new_training_gpu_samples100_din64_dout64_read8388608_write8388608.log
1,147,0,new_training,gpu,100,64,64,16777216,16777216,1.3380001233890653,0.44399428367614746,0.0023708343505859375,5.626678466796875e-05,2.0,6.0,1.41,1.41,0,/direct/sdcc+u/lchen6/gpu_logs/0147_new_training_gpu_samples100_din64_dout64_read16777216_write16777216.log
1,148,0,new_training,gpu,100,64,64,33554432,33554432,1.3379569249227643,0.45831727981567383,0.002435922622680664,6.175041198730469e-05,2.111111111111111,6.0,1.41,1.41,0,/direct/sdcc+u/lchen6/gpu_logs/0148_new_training_gpu_samples100_din64_dout64_read33554432_write33554432.log
1,149,0,new_training,gpu,100,64,64,67108864,67108864,1.3990020528435707,0.5095252990722656,0.0023851394653320312,6.103515625e-05,1.8888888888888888,6.0,1.2783333333333333,1.29,0,/direct/sdcc+u/lchen6/gpu_logs/0149_new_training_gpu_samples100_din64_dout64_read67108864_write67108864.log
1,150,0,new_training,gpu,100,64,64,134217728,134217728,1.4791189348325133,0.5894708633422852,0.002564668655395508,5.793571472167969e-05,2.1,7.0,1.275,1.275,0,/direct/sdcc+u/lchen6/gpu_logs/0150_new_training_gpu_samples100_din64_dout64_read134217728_write134217728.log
1,151,0,new_training,gpu,100,64,64,268435456,268435456,1.6449803672730923,0.751849889755249,0.002385854721069336,5.7220458984375e-05,1.2727272727272727,6.0,1.275,1.275,0,/direct/sdcc+u/lchen6/gpu_logs/0151_new_training_gpu_samples100_din64_dout64_read268435456_write268435456.log
1,152,0,new_training,gpu,100,64,64,536870912,536870912,1.8931762306019664,1.0852947235107422,0.0024118423461914062,5.888938903808594e-05,1.0,6.0,1.3396153846153844,1.395,0,/direct/sdcc+u/lchen6/gpu_logs/0152_new_training_gpu_samples100_din64_dout64_read536870912_write536870912.log
1,153,0,new_training,gpu,100,128,128,4194304,4194304,1.216757101006806,0.42708539962768555,0.002496957778930664,7.176399230957031e-05,1.875,6.0,1.35,1.395,0,/direct/sdcc+u/lchen6/gpu_logs/0153_new_training_gpu_samples100_din128_dout128_read4194304_write4194304.log
1,154,0,new_training,gpu,100,128,128,8388608,8388608,1.215053403750062,0.44146227836608887,0.0024678707122802734,7.104873657226562e-05,2.25,6.0,1.275,1.275,0,/direct/sdcc+u/lchen6/gpu_logs/0154_new_training_gpu_samples100_din128_dout128_read8388608_write8388608.log
1,155,0,new_training,gpu,100,128,128,16777216,16777216,1.2541300104930997,0.4590744972229004,0.002504110336303711,7.176399230957031e-05,1.875,6.0,1.275,1.275,0,/direct/sdcc+u/lchen6/gpu_logs/0155_new_training_gpu_samples100_din128_dout128_read16777216_write16777216.log
1,156,0,new_training,gpu,100,128,128,33554432,33554432,1.3601548001170158,0.46768999099731445,0.002418041229248047,6.556510925292969e-05,1.7777777777777777,6.0,1.275,1.275,0,/direct/sdcc+u/lchen6/gpu_logs/0156_new_training_gpu_samples100_din128_dout128_read33554432_write33554432.log
1,157,0,new_training,gpu,100,128,128,67108864,67108864,1.3823077287524939,0.5123326778411865,0.002466917037963867,6.651878356933594e-05,1.7777777777777777,4.0,1.275,1.275,0,/direct/sdcc+u/lchen6/gpu_logs/0157_new_training_gpu_samples100_din128_dout128_read67108864_write67108864.log
1,158,0,new_training,gpu,100,128,128,134217728,134217728,1.4411196606233716,0.6025731563568115,0.002526521682739258,6.604194641113281e-05,1.4,7.0,1.275,1.275,0,/direct/sdcc+u/lchen6/gpu_logs/0158_new_training_gpu_samples100_din128_dout128_read134217728_write134217728.log
1,159,0,new_training,gpu,100,128,128,268435456,268435456,1.6161676933988929,0.7443933486938477,0.0024764537811279297,6.651878356933594e-05,1.2727272727272727,6.0,1.275,1.275,0,/direct/sdcc+u/lchen6/gpu_logs/0159_new_training_gpu_samples100_din128_dout128_read268435456_write268435456.log
1,160,0,new_training,gpu,100,128,128,536870912,536870912,1.8951673358678818,1.0807294845581055,0.0031304359436035156,6.651878356933594e-05,1.0,6.0,1.275,1.275,0,/direct/sdcc+u/lchen6/gpu_logs/0160_new_training_gpu_samples100_din128_dout128_read536870912_write536870912.log
1,161,0,new_training,gpu,100,256,256,4194304,4194304,1.3327404307201505,0.43398523330688477,0.002646207809448242,0.00010275840759277344,2.111111111111111,6.0,1.275,1.275,0,/direct/sdcc+u/lchen6/gpu_logs/0161_new_training_gpu_samples100_din256_dout256_read4194304_write4194304.log
1,162,0,new_training,gpu,100,256,256,8388608,8388608,1.336064375936985,0.4434792995452881,0.0026230812072753906,0.00010132789611816406,2.0,6.0,1.275,1.275,0,/direct/sdcc+u/lchen6/gpu_logs/0162_new_training_gpu_samples100_din256_dout256_read8388608_write8388608.log
1,163,0,new_training,gpu,100,256,256,16777216,16777216,1.3473151894286275,0.45362281799316406,0.0025870800018310547,0.00010156631469726562,1.7777777777777777,7.0,1.275,1.275,0,/direct/sdcc+u/lchen6/gpu_logs/0163_new_training_gpu_samples100_din256_dout256_read16777216_write16777216.log
1,164,0,new_training,gpu,100,256,256,33554432,33554432,1.3309313813224435,0.4710958003997803,0.002583742141723633,0.00011682510375976562,2.2222222222222223,6.0,1.31,1.38,0,/direct/sdcc+u/lchen6/gpu_logs/0164_new_training_gpu_samples100_din256_dout256_read33554432_write33554432.log
1,165,0,new_training,gpu,100,256,256,67108864,67108864,1.3811326222494245,0.5027079582214355,0.0025839805603027344,9.799003601074219e-05,1.3333333333333333,6.0,1.38,1.38,0,/direct/sdcc+u/lchen6/gpu_logs/0165_new_training_gpu_samples100_din256_dout256_read67108864_write67108864.log
1,166,0,new_training,gpu,100,256,256,134217728,134217728,1.4769822573289275,0.5909864902496338,0.002565622329711914,0.00011467933654785156,1.8,6.0,1.275,1.275,0,/direct/sdcc+u/lchen6/gpu_logs/0166_new_training_gpu_samples100_din256_dout256_read134217728_write134217728.log
1,167,0,new_training,gpu,100,256,256,268435456,268435456,1.6472014198079705,0.7572059631347656,0.0026357173919677734,9.012222290039062e-05,1.6363636363636365,6.0,1.2818181818181817,1.29,0,/direct/sdcc+u/lchen6/gpu_logs/0167_new_training_gpu_samples100_din256_dout256_read268435456_write268435456.log
1,168,0,new_training,gpu,100,256,256,536870912,536870912,1.9232475897297263,1.105008840560913,0.0028128623962402344,9.942054748535156e-05,1.0,7.0,1.3061538461538462,1.32,0,/direct/sdcc+u/lchen6/gpu_logs/0168_new_training_gpu_samples100_din256_dout256_read536870912_write536870912.log
1,169,0,new_training,gpu,100,512,512,4194304,4194304,1.2314448719844222,0.4521503448486328,0.0029053688049316406,0.0004572868347167969,1.125,6.0,1.303125,1.32,0,/direct/sdcc+u/lchen6/gpu_logs/0169_new_training_gpu_samples100_din512_dout512_read4194304_write4194304.log
1,170,0,new_training,gpu,100,512,512,8388608,8388608,1.3260048599913716,0.4423842430114746,0.002963542938232422,0.0005154609680175781,2.888888888888889,7.0,1.275,1.275,0,/direct/sdcc+u/lchen6/gpu_logs/0170_new_training_gpu_samples100_din512_dout512_read8388608_write8388608.log
1,171,0,new_training,gpu,100,512,512,16777216,16777216,1.3313087234273553,0.4565296173095703,0.0029387474060058594,0.0005028247833251953,2.2222222222222223,7.0,1.275,1.275,0,/direct/sdcc+u/lchen6/gpu_logs/0171_new_training_gpu_samples100_din512_dout512_read16777216_write16777216.log
1,172,0,new_training,gpu,100,512,512,33554432,33554432,1.340060773305595,0.47632718086242676,0.0029358863830566406,0.0005173683166503906,1.8888888888888888,6.0,1.32,1.41,0,/direct/sdcc+u/lchen6/gpu_logs/0172_new_training_gpu_samples100_din512_dout512_read33554432_write33554432.log
1,173,0,new_training,gpu,100,512,512,67108864,67108864,1.3494169879704714,0.5013506412506104,0.002986907958984375,0.0005009174346923828,2.111111111111111,6.0,1.41,1.41,0,/direct/sdcc+u/lchen6/gpu_logs/0173_new_training_gpu_samples100_din512_dout512_read67108864_write67108864.log
1,174,0,new_training,gpu,100,512,512,134217728,134217728,1.4645213577896357,0.5949277877807617,0.002939462661743164,0.0005877017974853516,1.7,6.0,1.275,1.275,0,/direct/sdcc+u/lchen6/gpu_logs/0174_new_training_gpu_samples100_din512_dout512_read134217728_write134217728.log
1,175,0,new_training,gpu,100,512,512,268435456,268435456,1.6482178596779704,0.7661473751068115,0.0029306411743164062,0.0005195140838623047,1.7272727272727273,6.0,1.275,1.275,0,/direct/sdcc+u/lchen6/gpu_logs/0175_new_training_gpu_samples100_din512_dout512_read268435456_write268435456.log
1,176,0,new_training,gpu,100,512,512,536870912,536870912,1.9151812959462404,1.0998790264129639,0.00298309326171875,0.00047969818115234375,1.4615384615384615,6.0,1.2842307692307693,1.29,0,/direct/sdcc+u/lchen6/gpu_logs/0176_new_training_gpu_samples100_din512_dout512_read536870912_write536870912.log
1,177,0,new_training,gpu,100,1024,1024,4194304,4194304,1.360262006521225,0.46229076385498047,0.007907390594482422,0.02184152603149414,3.7777777777777777,25.0,1.2833333333333332,1.29,0,/direct/sdcc+u/lchen6/gpu_logs/0177_new_training_gpu_samples100_din1024_dout1024_read4194304_write4194304.log
1,178,0,new_training,gpu,100,1024,1024,8388608,8388608,1.3491527754813433,0.4682614803314209,0.007923603057861328,0.023932456970214844,4.555555555555555,24.0,1.29,1.29,0,/direct/sdcc+u/lchen6/gpu_logs/0178_new_training_gpu_samples100_din1024_dout1024_read8388608_write8388608.log
1,179,0,new_training,gpu,100,1024,1024,16777216,16777216,1.3490998204797506,0.47273898124694824,0.007549285888671875,0.019915342330932617,5.666666666666667,24.0,1.3266666666666667,1.41,0,/direct/sdcc+u/lchen6/gpu_logs/0179_new_training_gpu_samples100_din1024_dout1024_read16777216_write16777216.log
1,180,0,new_training,gpu,100,1024,1024,33554432,33554432,1.35112330224365,0.47792816162109375,0.0070953369140625,0.017697811126708984,5.444444444444445,22.0,1.41,1.41,0,/direct/sdcc+u/lchen6/gpu_logs/0180_new_training_gpu_samples100_din1024_dout1024_read33554432_write33554432.log
1,181,0,new_training,gpu,100,1024,1024,67108864,67108864,1.3320135828107595,0.5399470329284668,0.007880210876464844,0.024002552032470703,4.111111111111111,24.0,1.2766666666666668,1.29,0,/direct/sdcc+u/lchen6/gpu_logs/0181_new_training_gpu_samples100_din1024_dout1024_read67108864_write67108864.log
1,182,0,new_training,gpu,100,1024,1024,134217728,134217728,1.497960657812655,0.6117022037506104,0.007777690887451172,0.020856618881225586,3.7,19.0,1.317,1.38,0,/direct/sdcc+u/lchen6/gpu_logs/0182_new_training_gpu_samples100_din1024_dout1024_read134217728_write134217728.log
1,183,0,new_training,gpu,100,1024,1024,268435456,268435456,1.5979563798755407,0.7808876037597656,0.007481575012207031,0.020561933517456055,5.363636363636363,22.0,1.3513636363636363,1.38,0,/direct/sdcc+u/lchen6/gpu_logs/0183_new_training_gpu_samples100_din1024_dout1024_read268435456_write268435456.log
1,184,0,new_training,gpu,100,1024,1024,536870912,536870912,1.939204498194158,1.127382516860962,0.0068988800048828125,0.021523714065551758,2.8461538461538463,24.0,1.275,1.275,0,/direct/sdcc+u/lchen6/gpu_logs/0184_new_training_gpu_samples100_din1024_dout1024_read536870912_write536870912.log
1,185,0,new_training,gpu,100,2048,2048,4194304,4194304,1.378008215688169,0.48150110244750977,0.014432907104492188,0.02398371696472168,3.6666666666666665,24.0,1.275,1.275,0,/direct/sdcc+u/lchen6/gpu_logs/0185_new_training_gpu_samples100_din2048_dout2048_read4194304_write4194304.log
1,186,0,new_training,gpu,100,2048,2048,8388608,8388608,1.2620984800159931,0.4859733581542969,0.028073549270629883,0.01568126678466797,3.125,11.0,1.303125,1.35,0,/direct/sdcc+u/lchen6/gpu_logs/0186_new_training_gpu_samples100_din2048_dout2048_read8388608_write8388608.log
1,187,0,new_training,gpu,100,2048,2048,16777216,16777216,1.2291353615000844,0.45670270919799805,0.013078689575195312,0.014553070068359375,4.125,15.0,1.35,1.35,0,/direct/sdcc+u/lchen6/gpu_logs/0187_new_training_gpu_samples100_din2048_dout2048_read16777216_write16777216.log
1,188,0,new_training,gpu,100,2048,2048,33554432,33554432,1.388149238191545,0.5090553760528564,0.014802694320678711,0.022038698196411133,6.444444444444445,23.0,1.2833333333333332,1.35,0,/direct/sdcc+u/lchen6/gpu_logs/0188_new_training_gpu_samples100_din2048_dout2048_read33554432_write33554432.log
1,189,0,new_training,gpu,100,2048,2048,67108864,67108864,1.348178381100297,0.5455222129821777,0.01369786262512207,0.01604485511779785,4.0,23.0,1.275,1.275,0,/direct/sdcc+u/lchen6/gpu_logs/0189_new_training_gpu_samples100_din2048_dout2048_read67108864_write67108864.log
1,190,0,new_training,gpu,100,2048,2048,134217728,134217728,1.4959511384367943,0.6259441375732422,0.014414787292480469,0.0194242000579834,4.0,19.0,1.32,1.365,0,/direct/sdcc+u/lchen6/gpu_logs/0190_new_training_gpu_samples100_din2048_dout2048_read134217728_write134217728.log
1,191,0,new_training,gpu,100,2048,2048,268435456,268435456,1.6210779240354896,0.7878100872039795,0.013627767562866211,0.01733994483947754,4.818181818181818,22.0,1.3322727272727273,1.365,0,/direct/sdcc+u/lchen6/gpu_logs/0191_new_training_gpu_samples100_din2048_dout2048_read268435456_write268435456.log
1,192,0,new_training,gpu,100,2048,2048,536870912,536870912,2.030045541934669,1.1180694103240967,0.014422178268432617,0.0213775634765625,4.142857142857143,24.0,1.275,1.275,0,/direct/sdcc+u/lchen6/gpu_logs/0192_new_training_gpu_samples100_din2048_dout2048_read536870912_write536870912.log
1,193,0,new_training,gpu,100,4096,4096,4194304,4194304,1.5221458673477173,0.6621098518371582,0.12490391731262207,0.07867431640625,15.3,56.0,1.2885,1.41,0,/direct/sdcc+u/lchen6/gpu_logs/0193_new_training_gpu_samples100_din4096_dout4096_read4194304_write4194304.log
1,194,0,new_training,gpu,100,4096,4096,8388608,8388608,1.4381263824179769,0.5671732425689697,0.04372715950012207,0.11606621742248535,14.2,73.0,1.41,1.41,0,/direct/sdcc+u/lchen6/gpu_logs/0194_new_training_gpu_samples100_din4096_dout4096_read8388608_write8388608.log
1,195,0,new_training,gpu,100,4096,4096,16777216,16777216,1.4441031701862812,0.5760824680328369,0.043918609619140625,0.1162567138671875,15.8,73.0,1.41,1.41,0,/direct/sdcc+u/lchen6/gpu_logs/0195_new_training_gpu_samples100_din4096_dout4096_read16777216_write16777216.log
1,196,0,new_training,gpu,100,4096,4096,33554432,33554432,1.4660347644239664,0.6021909713745117,0.04439115524291992,0.11644339561462402,6.0,44.0,1.41,1.41,0,/direct/sdcc+u/lchen6/gpu_logs/0196_new_training_gpu_samples100_din4096_dout4096_read33554432_write33554432.log
1,197,0,new_training,gpu,100,4096,4096,67108864,67108864,1.3599712420254946,0.6292572021484375,0.052072763442993164,0.09724307060241699,9.555555555555555,32.0,1.41,1.41,0,/direct/sdcc+u/lchen6/gpu_logs/0197_new_training_gpu_samples100_din4096_dout4096_read67108864_write67108864.log
1,198,0,new_training,gpu,100,4096,4096,134217728,134217728,1.4722079308703542,0.7188904285430908,0.053878068923950195,0.09906673431396484,21.2,58.0,1.41,1.41,0,/direct/sdcc+u/lchen6/gpu_logs/0198_new_training_gpu_samples100_din4096_dout4096_read134217728_write134217728.log
1,199,0,new_training,gpu,100,4096,4096,268435456,268435456,1.850142897106707,0.896895170211792,0.061345577239990234,0.11030960083007812,8.307692307692308,73.0,1.41,1.41,0,/direct/sdcc+u/lchen6/gpu_logs/0199_new_training_gpu_samples100_din4096_dout4096_read268435456_write268435456.log
1,200,0,new_training,gpu,100,4096,4096,536870912,536870912,2.0765006374567747,1.2111074924468994,0.04822587966918945,0.0991065502166748,6.785714285714286,68.0,1.41,1.41,0,/direct/sdcc+u/lchen6/gpu_logs/0200_new_training_gpu_samples100_din4096_dout4096_read536870912_write536870912.log
1,201,0,new_training,gpu,100,8192,8192,4194304,4194304,1.9091255692765117,1.1345994472503662,0.1726055145263672,0.5785524845123291,25.923076923076923,100.0,1.3788461538461538,1.41,0,/direct/sdcc+u/lchen6/gpu_logs/0201_new_training_gpu_samples100_din8192_dout8192_read4194304_write4194304.log
1,202,0,new_training,gpu,100,8192,8192,8388608,8388608,1.900071056559682,1.1370961666107178,0.15916657447814941,0.5545940399169922,38.15384615384615,100.0,1.41,1.41,0,/direct/sdcc+u/lchen6/gpu_logs/0202_new_training_gpu_samples100_din8192_dout8192_read8388608_write8388608.log
1,203,0,new_training,gpu,100,8192,8192,16777216,16777216,2.0050590774044394,1.1207928657531738,0.13245940208435059,0.569251537322998,34.61538461538461,100.0,1.41,1.41,0,/direct/sdcc+u/lchen6/gpu_logs/0203_new_training_gpu_samples100_din8192_dout8192_read16777216_write16777216.log
1,204,0,new_training,gpu,100,8192,8192,33554432,33554432,2.0491620106622577,1.1677887439727783,0.17082953453063965,0.5549867153167725,30.357142857142858,100.0,1.41,1.41,0,/direct/sdcc+u/lchen6/gpu_logs/0204_new_training_gpu_samples100_din8192_dout8192_read33554432_write33554432.log
1,205,0,new_training,gpu,100,8192,8192,67108864,67108864,2.066014618612826,1.1806468963623047,0.14463376998901367,0.5615921020507812,30.071428571428573,100.0,1.41,1.41,0,/direct/sdcc+u/lchen6/gpu_logs/0205_new_training_gpu_samples100_din8192_dout8192_read67108864_write67108864.log
1,206,0,new_training,gpu,100,8192,8192,134217728,134217728,2.1450668023899198,1.2604804039001465,0.13498473167419434,0.5682764053344727,29.214285714285715,100.0,1.41,1.41,0,/direct/sdcc+u/lchen6/gpu_logs/0206_new_training_gpu_samples100_din8192_dout8192_read134217728_write134217728.log
1,207,0,new_training,gpu,100,8192,8192,268435456,268435456,2.3449129899963737,1.4386146068572998,0.16088557243347168,0.5505955219268799,26.3125,100.0,1.41,1.41,0,/direct/sdcc+u/lchen6/gpu_logs/0207_new_training_gpu_samples100_din8192_dout8192_read268435456_write268435456.log
1,208,0,new_training,gpu,100,8192,8192,536870912,536870912,2.7819903595373034,1.7936170101165771,0.13551998138427734,0.5825231075286865,22.210526315789473,100.0,1.3957894736842107,1.41,0,/direct/sdcc+u/lchen6/gpu_logs/0208_new_training_gpu_samples100_din8192_dout8192_read536870912_write536870912.log
1,209,0,new_training,gpu,100,16384,16384,4194304,4194304,4.260942422784865,3.241431713104248,0.4847252368927002,2.3361763954162598,53.92857142857143,100.0,1.3810714285714287,1.41,0,/direct/sdcc+u/lchen6/gpu_logs/0209_new_training_gpu_samples100_din16384_dout16384_read4194304_write4194304.log
1,210,0,new_training,gpu,100,16384,16384,8388608,8388608,4.235056072473526,3.229971408843994,0.4918019771575928,2.32890248298645,58.17857142857143,100.0,1.41,1.41,0,/direct/sdcc+u/lchen6/gpu_logs/0210_new_training_gpu_samples100_din16384_dout16384_read8388608_write8388608.log
1,211,0,new_training,gpu,100,16384,16384,16777216,16777216,4.226912840269506,3.261533737182617,0.48648667335510254,2.3332557678222656,60.642857142857146,100.0,1.3955357142857143,1.41,0,/direct/sdcc+u/lchen6/gpu_logs/0211_new_training_gpu_samples100_din16384_dout16384_read16777216_write16777216.log
1,212,0,new_training,gpu,100,16384,16384,33554432,33554432,4.284869454801083,3.277524948120117,0.5003528594970703,2.3449461460113525,56.714285714285715,100.0,1.3955357142857143,1.41,0,/direct/sdcc+u/lchen6/gpu_logs/0212_new_training_gpu_samples100_din16384_dout16384_read33554432_write33554432.log
1,213,0,new_training,gpu,100,16384,16384,67108864,67108864,4.344040438532829,3.3140487670898438,0.5163006782531738,2.329150915145874,56.58620689655172,100.0,1.41,1.41,0,/direct/sdcc+u/lchen6/gpu_logs/0213_new_training_gpu_samples100_din16384_dout16384_read67108864_write67108864.log
1,214,0,new_training,gpu,100,16384,16384,134217728,134217728,4.404949844814837,3.405540943145752,0.4935343265533447,2.328658103942871,56.206896551724135,100.0,1.41,1.41,0,/direct/sdcc+u/lchen6/gpu_logs/0214_new_training_gpu_samples100_din16384_dout16384_read134217728_write134217728.log
1,215,0,new_training,gpu,100,16384,16384,268435456,268435456,4.550937614403665,3.556795835494995,0.4944117069244385,2.326007604598999,54.4,100.0,1.41,1.41,0,/direct/sdcc+u/lchen6/gpu_logs/0215_new_training_gpu_samples100_din16384_dout16384_read268435456_write268435456.log
1,216,0,new_training,gpu,100,16384,16384,536870912,536870912,4.956073751673102,3.918715476989746,0.48714280128479004,2.3209068775177,49.15151515151515,100.0,1.41,1.41,0,/direct/sdcc+u/lchen6/gpu_logs/0216_new_training_gpu_samples100_din16384_dout16384_read536870912_write536870912.log
1,217,0,new_training,gpu,100,32768,32768,4194304,4194304,13.387883951887488,11.935811996459961,1.7461621761322021,9.610266923904419,70.27272727272727,100.0,1.4053977272727272,1.41,0,/direct/sdcc+u/lchen6/gpu_logs/0217_new_training_gpu_samples100_din32768_dout32768_read4194304_write4194304.log
1,218,0,new_training,gpu,100,32768,32768,8388608,8388608,13.383815856650472,11.935182332992554,1.7459502220153809,9.610533714294434,71.19318181818181,100.0,1.4007954545454544,1.41,0,/direct/sdcc+u/lchen6/gpu_logs/0218_new_training_gpu_samples100_din32768_dout32768_read8388608_write8388608.log
1,219,0,new_training,gpu,100,32768,32768,16777216,16777216,13.325838174670935,11.947101593017578,1.7582213878631592,9.604566812515259,74.15116279069767,100.0,1.4021511627906977,1.41,0,/direct/sdcc+u/lchen6/gpu_logs/0219_new_training_gpu_samples100_din32768_dout32768_read16777216_write16777216.log
1,220,0,new_training,gpu,100,32768,32768,33554432,33554432,13.323052325285971,11.96197509765625,1.7706308364868164,9.600756883621216,74.16091954022988,100.0,1.41,1.41,0,/direct/sdcc+u/lchen6/gpu_logs/0220_new_training_gpu_samples100_din32768_dout32768_read33554432_write33554432.log
1,221,0,new_training,gpu,100,32768,32768,67108864,67108864,13.43903592787683,12.017770528793335,1.7734298706054688,9.616060972213745,71.80898876404494,100.0,1.3993820224719102,1.41,0,/direct/sdcc+u/lchen6/gpu_logs/0221_new_training_gpu_samples100_din32768_dout32768_read67108864_write67108864.log
1,222,0,new_training,gpu,100,32768,32768,134217728,134217728,13.477902806364,12.082961082458496,1.7867045402526855,9.599971532821655,71.29213483146067,100.0,1.41,1.41,0,/direct/sdcc+u/lchen6/gpu_logs/0222_new_training_gpu_samples100_din32768_dout32768_read134217728_write134217728.log
1,223,0,new_training,gpu,100,32768,32768,268435456,268435456,13.748071368783712,12.244676113128662,1.7525427341461182,9.608942985534668,71.03296703296704,100.0,1.398131868131868,1.41,0,/direct/sdcc+u/lchen6/gpu_logs/0223_new_training_gpu_samples100_din32768_dout32768_read268435456_write268435456.log
1,224,0,new_training,gpu,100,32768,32768,536870912,536870912,14.04700115416199,12.596221208572388,1.774167537689209,9.610578060150146,69.23913043478261,100.0,1.4026630434782608,1.41,0,/direct/sdcc+u/lchen6/gpu_logs/0224_new_training_gpu_samples100_din32768_dout32768_read536870912_write536870912.log
2,225,0,new_agent,gpu,100,4,4,4194304,4194304,1.382577858865261,0.4031050205230713,0.00231170654296875,,25.666666666666668,100.0,1.41,1.41,0,/direct/sdcc+u/lchen6/gpu_logs/0225_new_agent_gpu_samples100_din4_dout4_read4194304_write4194304.log
2,226,0,new_agent,gpu,100,4,4,8388608,8388608,1.2400526031851768,0.442462682723999,0.002296924591064453,,1.875,6.0,1.325625,1.41,0,/direct/sdcc+u/lchen6/gpu_logs/0226_new_agent_gpu_samples100_din4_dout4_read8388608_write8388608.log
2,227,0,new_agent,gpu,100,4,4,16777216,16777216,1.330972389318049,0.4532639980316162,0.002443552017211914,,2.111111111111111,6.0,1.275,1.275,0,/direct/sdcc+u/lchen6/gpu_logs/0227_new_agent_gpu_samples100_din4_dout4_read16777216_write16777216.log
2,228,0,new_agent,gpu,100,4,4,33554432,33554432,1.368100743740797,0.484790563583374,0.002357006072998047,,1.8888888888888888,6.0,1.28,1.29,0,/direct/sdcc+u/lchen6/gpu_logs/0228_new_agent_gpu_samples100_din4_dout4_read33554432_write33554432.log
2,229,0,new_agent,gpu,100,4,4,67108864,67108864,1.3140519242733717,0.5066654682159424,0.002376556396484375,,1.6666666666666667,6.0,1.29,1.29,0,/direct/sdcc+u/lchen6/gpu_logs/0229_new_agent_gpu_samples100_din4_dout4_read67108864_write67108864.log
2,230,0,new_agent,gpu,100,4,4,134217728,134217728,1.4810413168743253,0.5917952060699463,0.002359151840209961,,2.0,6.0,1.275,1.275,0,/direct/sdcc+u/lchen6/gpu_logs/0230_new_agent_gpu_samples100_din4_dout4_read134217728_write134217728.log
2,231,0,new_agent,gpu,100,4,4,268435456,268435456,1.6359866941347718,0.7371926307678223,0.002413034439086914,,1.1818181818181819,6.0,1.275,1.275,0,/direct/sdcc+u/lchen6/gpu_logs/0231_new_agent_gpu_samples100_din4_dout4_read268435456_write268435456.log
2,232,0,new_agent,gpu,100,4,4,536870912,536870912,1.9031233610585332,1.0871493816375732,0.0024089813232421875,,1.3076923076923077,6.0,1.275,1.275,0,/direct/sdcc+u/lchen6/gpu_logs/0232_new_agent_gpu_samples100_din4_dout4_read536870912_write536870912.log
2,233,0,new_agent,gpu,100,8,8,4194304,4194304,1.2400252129882574,0.43735551834106445,0.0023560523986816406,,1.375,6.0,1.275,1.275,0,/direct/sdcc+u/lchen6/gpu_logs/0233_new_agent_gpu_samples100_din8_dout8_read4194304_write4194304.log
2,234,0,new_agent,gpu,100,8,8,8388608,8388608,1.23292987793684,0.4423816204071045,0.0024297237396240234,,1.625,6.0,1.275,1.275,0,/direct/sdcc+u/lchen6/gpu_logs/0234_new_agent_gpu_samples100_din8_dout8_read8388608_write8388608.log
2,235,0,new_agent,gpu,100,8,8,16777216,16777216,1.2411153158172965,0.4513678550720215,0.0024416446685791016,,2.375,7.0,1.275,1.275,0,/direct/sdcc+u/lchen6/gpu_logs/0235_new_agent_gpu_samples100_din8_dout8_read16777216_write16777216.log
2,236,0,new_agent,gpu,100,8,8,33554432,33554432,1.3352574026212096,0.46847057342529297,0.002418041229248047,,2.7777777777777777,7.0,1.2883333333333333,1.29,0,/direct/sdcc+u/lchen6/gpu_logs/0236_new_agent_gpu_samples100_din8_dout8_read33554432_write33554432.log
2,237,0,new_agent,gpu,100,8,8,67108864,67108864,1.397030659019947,0.5082366466522217,0.0023717880249023438,,1.5555555555555556,6.0,1.2816666666666667,1.29,0,/direct/sdcc+u/lchen6/gpu_logs/0237_new_agent_gpu_samples100_din8_dout8_read67108864_write67108864.log
2,238,0,new_agent,gpu,100,8,8,134217728,134217728,1.4579850072041154,0.5847055912017822,0.0024051666259765625,,1.3,6.0,1.275,1.275,0,/direct/sdcc+u/lchen6/gpu_logs/0238_new_agent_gpu_samples100_din8_dout8_read134217728_write134217728.log
2,239,0,new_agent,gpu,100,8,8,268435456,268435456,1.6498736590147018,0.7571790218353271,0.002403736114501953,,1.0909090909090908,6.0,1.275,1.275,0,/direct/sdcc+u/lchen6/gpu_logs/0239_new_agent_gpu_samples100_din8_dout8_read268435456_write268435456.log
2,240,0,new_agent,gpu,100,8,8,536870912,536870912,1.8893982619047165,1.0798404216766357,0.0024514198303222656,,1.2307692307692308,6.0,1.3476923076923075,1.41,0,/direct/sdcc+u/lchen6/gpu_logs/0240_new_agent_gpu_samples100_din8_dout8_read536870912_write536870912.log
2,241,0,new_agent,gpu,100,16,16,4194304,4194304,1.2127052834257483,0.42515087127685547,0.0024068355560302734,,1.875,6.0,1.359375,1.41,0,/direct/sdcc+u/lchen6/gpu_logs/0241_new_agent_gpu_samples100_din16_dout16_read4194304_write4194304.log
2,242,0,new_agent,gpu,100,16,16,8388608,8388608,1.2275526402518153,0.4421515464782715,0.0024929046630859375,,1.625,6.0,1.275,1.275,0,/direct/sdcc+u/lchen6/gpu_logs/0242_new_agent_gpu_samples100_din16_dout16_read8388608_write8388608.log
2,243,0,new_agent,gpu,100,16,16,16777216,16777216,1.334489056840539,0.464550256729126,0.002397298812866211,,1.6666666666666667,6.0,1.275,1.275,0,/direct/sdcc+u/lchen6/gpu_logs/0243_new_agent_gpu_samples100_din16_dout16_read16777216_write16777216.log
2,244,0,new_agent,gpu,100,16,16,33554432,33554432,1.352252621203661,0.472165584564209,0.002377033233642578,,1.6666666666666667,7.0,1.275,1.275,0,/direct/sdcc+u/lchen6/gpu_logs/0244_new_agent_gpu_samples100_din16_dout16_read33554432_write33554432.log
2,245,0,new_agent,gpu,100,16,16,67108864,67108864,1.3809549799188972,0.5172181129455566,0.002426624298095703,,1.4444444444444444,6.0,1.3,1.35,0,/direct/sdcc+u/lchen6/gpu_logs/0245_new_agent_gpu_samples100_din16_dout16_read67108864_write67108864.log
2,246,0,new_agent,gpu,100,16,16,134217728,134217728,1.4599878527224064,0.5756528377532959,0.0024328231811523438,,1.7,6.0,1.3425,1.35,0,/direct/sdcc+u/lchen6/gpu_logs/0246_new_agent_gpu_samples100_din16_dout16_read134217728_write134217728.log
2,247,0,new_agent,gpu,100,16,16,268435456,268435456,1.6429839571937919,0.7520675659179688,0.0023627281188964844,,1.0,7.0,1.3363636363636362,1.41,0,/direct/sdcc+u/lchen6/gpu_logs/0247_new_agent_gpu_samples100_din16_dout16_read268435456_write268435456.log
2,248,0,new_agent,gpu,100,16,16,536870912,536870912,2.043980587273836,1.0717978477478027,0.002419710159301758,,1.0,6.0,1.3425,1.41,0,/direct/sdcc+u/lchen6/gpu_logs/0248_new_agent_gpu_samples100_din16_dout16_read536870912_write536870912.log
2,249,0,new_agent,gpu,100,32,32,4194304,4194304,1.3508335165679455,0.4394798278808594,0.0024313926696777344,,1.6666666666666667,4.0,1.275,1.275,0,/direct/sdcc+u/lchen6/gpu_logs/0249_new_agent_gpu_samples100_din32_dout32_read4194304_write4194304.log
2,250,0,new_agent,gpu,100,32,32,8388608,8388608,1.2173513062298298,0.4477546215057373,0.0024149417877197266,,1.375,6.0,1.275,1.275,0,/direct/sdcc+u/lchen6/gpu_logs/0250_new_agent_gpu_samples100_din32_dout32_read8388608_write8388608.log
2,251,0,new_agent,gpu,100,32,32,16777216,16777216,1.319651965983212,0.45459485054016113,0.002411365509033203,,1.7777777777777777,6.0,1.275,1.275,0,/direct/sdcc+u/lchen6/gpu_logs/0251_new_agent_gpu_samples100_din32_dout32_read16777216_write16777216.log
2,252,0,new_agent,gpu,100,32,32,33554432,33554432,1.3520966758951545,0.47559547424316406,0.002457857131958008,,1.4444444444444444,6.0,1.305,1.365,0,/direct/sdcc+u/lchen6/gpu_logs/0252_new_agent_gpu_samples100_din32_dout32_read33554432_write33554432.log
2,253,0,new_agent,gpu,100,32,32,67108864,67108864,1.3619393911212683,0.4982788562774658,0.0024623870849609375,,1.8888888888888888,6.0,1.365,1.365,0,/direct/sdcc+u/lchen6/gpu_logs/0253_new_agent_gpu_samples100_din32_dout32_read67108864_write67108864.log
2,254,0,new_agent,gpu,100,32,32,134217728,134217728,1.462106991559267,0.5912091732025146,0.002452850341796875,,1.9,6.0,1.278,1.29,0,/direct/sdcc+u/lchen6/gpu_logs/0254_new_agent_gpu_samples100_din32_dout32_read134217728_write134217728.log
2,255,0,new_agent,gpu,100,32,32,268435456,268435456,1.6558880610391498,0.7560765743255615,0.002405881881713867,,1.8181818181818181,6.0,1.275,1.275,0,/direct/sdcc+u/lchen6/gpu_logs/0255_new_agent_gpu_samples100_din32_dout32_read268435456_write268435456.log
2,256,0,new_agent,gpu,100,32,32,536870912,536870912,1.901096137240529,1.0797443389892578,0.002390623092651367,,1.0,6.0,1.283076923076923,1.29,0,/direct/sdcc+u/lchen6/gpu_logs/0256_new_agent_gpu_samples100_din32_dout32_read536870912_write536870912.log
2,257,0,new_agent,gpu,100,64,64,4194304,4194304,1.2353124469518661,0.44145727157592773,0.002480745315551758,,1.875,6.0,1.284375,1.29,0,/direct/sdcc+u/lchen6/gpu_logs/0257_new_agent_gpu_samples100_din64_dout64_read4194304_write4194304.log
2,258,0,new_agent,gpu,100,64,64,8388608,8388608,1.3170660743489861,0.44869399070739746,0.0025031566619873047,,1.7777777777777777,6.0,1.275,1.275,0,/direct/sdcc+u/lchen6/gpu_logs/0258_new_agent_gpu_samples100_din64_dout64_read8388608_write8388608.log
2,259,0,new_agent,gpu,100,64,64,16777216,16777216,1.324061505496502,0.45599937438964844,0.0024352073669433594,,1.8888888888888888,6.0,1.29,1.32,0,/direct/sdcc+u/lchen6/gpu_logs/0259_new_agent_gpu_samples100_din64_dout64_read16777216_write16777216.log
2,260,0,new_agent,gpu,100,64,64,33554432,33554432,1.3479318404570222,0.4613344669342041,0.002567768096923828,,1.5555555555555556,6.0,1.32,1.32,0,/direct/sdcc+u/lchen6/gpu_logs/0260_new_agent_gpu_samples100_din64_dout64_read33554432_write33554432.log
2,261,0,new_agent,gpu,100,64,64,67108864,67108864,1.3970532640814781,0.5146067142486572,0.002467632293701172,,1.5555555555555556,6.0,1.275,1.275,0,/direct/sdcc+u/lchen6/gpu_logs/0261_new_agent_gpu_samples100_din64_dout64_read67108864_write67108864.log
2,262,0,new_agent,gpu,100,64,64,134217728,134217728,1.4790295492857695,0.5892400741577148,0.0024383068084716797,,1.5,7.0,1.275,1.275,0,/direct/sdcc+u/lchen6/gpu_logs/0262_new_agent_gpu_samples100_din64_dout64_read134217728_write134217728.log
2,263,0,new_agent,gpu,100,64,64,268435456,268435456,1.8532074801623821,0.7599160671234131,0.0024797916412353516,,1.0,6.0,1.275,1.275,0,/direct/sdcc+u/lchen6/gpu_logs/0263_new_agent_gpu_samples100_din64_dout64_read268435456_write268435456.log
2,264,0,new_agent,gpu,100,64,64,536870912,536870912,1.9019456468522549,1.0848169326782227,0.0024497509002685547,,1.3076923076923077,6.0,1.275,1.275,0,/direct/sdcc+u/lchen6/gpu_logs/0264_new_agent_gpu_samples100_din64_dout64_read536870912_write536870912.log
2,265,0,new_agent,gpu,100,128,128,4194304,4194304,1.3539893180131912,0.4418797492980957,0.0024878978729248047,,1.6666666666666667,6.0,1.275,1.275,0,/direct/sdcc+u/lchen6/gpu_logs/0265_new_agent_gpu_samples100_din128_dout128_read4194304_write4194304.log
2,266,0,new_agent,gpu,100,128,128,8388608,8388608,1.228112667798996,0.45105862617492676,0.002516031265258789,,1.875,6.0,1.2975,1.365,0,/direct/sdcc+u/lchen6/gpu_logs/0266_new_agent_gpu_samples100_din128_dout128_read8388608_write8388608.log
2,267,0,new_agent,gpu,100,128,128,16777216,16777216,1.2131579127162695,0.44612622261047363,0.0025403499603271484,,2.125,6.0,1.365,1.365,0,/direct/sdcc+u/lchen6/gpu_logs/0267_new_agent_gpu_samples100_din128_dout128_read16777216_write16777216.log
2,268,0,new_agent,gpu,100,128,128,33554432,33554432,1.347786563448608,0.4757072925567627,0.0025031566619873047,,2.2222222222222223,6.0,1.295,1.365,0,/direct/sdcc+u/lchen6/gpu_logs/0268_new_agent_gpu_samples100_din128_dout128_read33554432_write33554432.log
2,269,0,new_agent,gpu,100,128,128,67108864,67108864,1.3850533049553633,0.5118913650512695,0.0025856494903564453,,2.2222222222222223,6.0,1.32,1.41,0,/direct/sdcc+u/lchen6/gpu_logs/0269_new_agent_gpu_samples100_din128_dout128_read67108864_write67108864.log
2,270,0,new_agent,gpu,100,128,128,134217728,134217728,1.3521843636408448,0.5669443607330322,0.0025653839111328125,,1.8888888888888888,6.0,1.41,1.41,0,/direct/sdcc+u/lchen6/gpu_logs/0270_new_agent_gpu_samples100_din128_dout128_read134217728_write134217728.log
2,271,0,new_agent,gpu,100,128,128,268435456,268435456,1.6490508681163192,0.7671370506286621,0.0026319026947021484,,1.3636363636363635,6.0,1.275,1.275,0,/direct/sdcc+u/lchen6/gpu_logs/0271_new_agent_gpu_samples100_din128_dout128_read268435456_write268435456.log
2,272,0,new_agent,gpu,100,128,128,536870912,536870912,1.9090720629319549,1.0913636684417725,0.0024840831756591797,,1.6923076923076923,6.0,1.275,1.275,0,/direct/sdcc+u/lchen6/gpu_logs/0272_new_agent_gpu_samples100_din128_dout128_read536870912_write536870912.log
2,273,0,new_agent,gpu,100,256,256,4194304,4194304,1.3352862037718296,0.4412648677825928,0.0027005672454833984,,1.3333333333333333,6.0,1.275,1.275,0,/direct/sdcc+u/lchen6/gpu_logs/0273_new_agent_gpu_samples100_din256_dout256_read4194304_write4194304.log
2,274,0,new_agent,gpu,100,256,256,8388608,8388608,1.3292001662775874,0.45702290534973145,0.0026755332946777344,,1.4444444444444444,6.0,1.285,1.305,0,/direct/sdcc+u/lchen6/gpu_logs/0274_new_agent_gpu_samples100_din256_dout256_read8388608_write8388608.log
2,275,0,new_agent,gpu,100,256,256,16777216,16777216,1.367822759784758,0.4510622024536133,0.0027081966400146484,,1.7777777777777777,6.0,1.305,1.305,0,/direct/sdcc+u/lchen6/gpu_logs/0275_new_agent_gpu_samples100_din256_dout256_read16777216_write16777216.log
2,276,0,new_agent,gpu,100,256,256,33554432,33554432,1.3820280581712723,0.48496484756469727,0.002686023712158203,,2.2222222222222223,7.0,1.275,1.275,0,/direct/sdcc+u/lchen6/gpu_logs/0276_new_agent_gpu_samples100_din256_dout256_read33554432_write33554432.log
2,277,0,new_agent,gpu,100,256,256,67108864,67108864,1.3960627224296331,0.5129890441894531,0.002675294876098633,,2.2222222222222223,7.0,1.275,1.275,0,/direct/sdcc+u/lchen6/gpu_logs/0277_new_agent_gpu_samples100_din256_dout256_read67108864_write67108864.log
2,278,0,new_agent,gpu,100,256,256,134217728,134217728,1.4880950916558504,0.5996811389923096,0.002672910690307617,,2.3,7.0,1.275,1.275,0,/direct/sdcc+u/lchen6/gpu_logs/0278_new_agent_gpu_samples100_din256_dout256_read134217728_write134217728.log
2,279,0,new_agent,gpu,100,256,256,268435456,268435456,1.6358748907223344,0.7650995254516602,0.0026481151580810547,,1.6363636363636365,6.0,1.275,1.275,0,/direct/sdcc+u/lchen6/gpu_logs/0279_new_agent_gpu_samples100_din256_dout256_read268435456_write268435456.log
2,280,0,new_agent,gpu,100,256,256,536870912,536870912,1.8812686102464795,1.0884675979614258,0.002687215805053711,,1.1538461538461537,6.0,1.275,1.275,0,/direct/sdcc+u/lchen6/gpu_logs/0280_new_agent_gpu_samples100_din256_dout256_read536870912_write536870912.log
2,281,0,new_agent,gpu,100,512,512,4194304,4194304,1.249225496314466,0.44928479194641113,0.002962350845336914,,1.125,6.0,1.275,1.275,0,/direct/sdcc+u/lchen6/gpu_logs/0281_new_agent_gpu_samples100_din512_dout512_read4194304_write4194304.log
2,282,0,new_agent,gpu,100,512,512,8388608,8388608,1.3351587848737836,0.4514164924621582,0.0029866695404052734,,2.5555555555555554,6.0,1.275,1.275,0,/direct/sdcc+u/lchen6/gpu_logs/0282_new_agent_gpu_samples100_din512_dout512_read8388608_write8388608.log
2,283,0,new_agent,gpu,100,512,512,16777216,16777216,1.2620713105425239,0.46224188804626465,0.0030264854431152344,,1.625,6.0,1.275,1.275,0,/direct/sdcc+u/lchen6/gpu_logs/0283_new_agent_gpu_samples100_din512_dout512_read16777216_write16777216.log
2,284,0,new_agent,gpu,100,512,512,33554432,33554432,1.3510258356109262,0.4778170585632324,0.003034353256225586,,2.5555555555555554,6.0,1.275,1.275,0,/direct/sdcc+u/lchen6/gpu_logs/0284_new_agent_gpu_samples100_din512_dout512_read33554432_write33554432.log
2,285,0,new_agent,gpu,100,512,512,67108864,67108864,1.3841007202863693,0.5189011096954346,0.002956390380859375,,2.2222222222222223,7.0,1.3,1.35,0,/direct/sdcc+u/lchen6/gpu_logs/0285_new_agent_gpu_samples100_din512_dout512_read67108864_write67108864.log
2,286,0,new_agent,gpu,100,512,512,134217728,134217728,1.4840130303055048,0.6024372577667236,0.0037279129028320312,,2.0,6.0,1.356,1.365,0,/direct/sdcc+u/lchen6/gpu_logs/0286_new_agent_gpu_samples100_din512_dout512_read134217728_write134217728.log
2,287,0,new_agent,gpu,100,512,512,268435456,268435456,1.6560170399025083,0.7668783664703369,0.003648042678833008,,1.0909090909090908,6.0,1.3404545454545456,1.365,0,/direct/sdcc+u/lchen6/gpu_logs/0287_new_agent_gpu_samples100_din512_dout512_read268435456_write268435456.log
2,288,0,new_agent,gpu,100,512,512,536870912,536870912,1.9947737976908684,1.096527338027954,0.0029442310333251953,,1.1428571428571428,6.0,1.275,1.275,0,/direct/sdcc+u/lchen6/gpu_logs/0288_new_agent_gpu_samples100_din512_dout512_read536870912_write536870912.log
2,289,0,new_agent,gpu,100,1024,1024,4194304,4194304,1.408087038435042,0.4514937400817871,0.0054209232330322266,,2.1,6.0,1.2975,1.35,0,/direct/sdcc+u/lchen6/gpu_logs/0289_new_agent_gpu_samples100_din1024_dout1024_read4194304_write4194304.log
2,290,0,new_agent,gpu,100,1024,1024,8388608,8388608,1.334868629463017,0.4396529197692871,0.0049932003021240234,,2.111111111111111,6.0,1.35,1.35,0,/direct/sdcc+u/lchen6/gpu_logs/0290_new_agent_gpu_samples100_din1024_dout1024_read8388608_write8388608.log
2,291,0,new_agent,gpu,100,1024,1024,16777216,16777216,1.3570001441985369,0.4709799289703369,0.005352497100830078,,1.7777777777777777,7.0,1.275,1.275,0,/direct/sdcc+u/lchen6/gpu_logs/0291_new_agent_gpu_samples100_din1024_dout1024_read16777216_write16777216.log
2,292,0,new_agent,gpu,100,1024,1024,33554432,33554432,1.356001079082489,0.48000097274780273,0.005453824996948242,,2.4444444444444446,7.0,1.3,1.35,0,/direct/sdcc+u/lchen6/gpu_logs/0292_new_agent_gpu_samples100_din1024_dout1024_read33554432_write33554432.log
2,293,0,new_agent,gpu,100,1024,1024,67108864,67108864,1.3949673706665635,0.5129148960113525,0.0053141117095947266,,1.7777777777777777,6.0,1.3416666666666668,1.35,0,/direct/sdcc+u/lchen6/gpu_logs/0293_new_agent_gpu_samples100_din1024_dout1024_read67108864_write67108864.log
2,294,0,new_agent,gpu,100,1024,1024,134217728,134217728,1.4909929102286696,0.5939633846282959,0.0053005218505859375,,2.2,7.0,1.275,1.275,0,/direct/sdcc+u/lchen6/gpu_logs/0294_new_agent_gpu_samples100_din1024_dout1024_read134217728_write134217728.log
2,295,0,new_agent,gpu,100,1024,1024,268435456,268435456,1.6180827831849456,0.7769088745117188,0.004976034164428711,,2.0,7.0,1.275,1.275,0,/direct/sdcc+u/lchen6/gpu_logs/0295_new_agent_gpu_samples100_din1024_dout1024_read268435456_write268435456.log
2,296,0,new_agent,gpu,100,1024,1024,536870912,536870912,2.0181387132033706,1.1047885417938232,0.005627870559692383,,1.5,6.0,1.3232142857142857,1.35,0,/direct/sdcc+u/lchen6/gpu_logs/0296_new_agent_gpu_samples100_din1024_dout1024_read536870912_write536870912.log
2,297,0,new_agent,gpu,100,2048,2048,4194304,4194304,1.3497152673080564,0.463115930557251,0.010467767715454102,,1.6666666666666667,6.0,1.3166666666666667,1.35,0,/direct/sdcc+u/lchen6/gpu_logs/0297_new_agent_gpu_samples100_din2048_dout2048_read4194304_write4194304.log
2,298,0,new_agent,gpu,100,2048,2048,8388608,8388608,1.341005016118288,0.4560892581939697,0.010490655899047852,,4.222222222222222,13.0,1.32,1.41,0,/direct/sdcc+u/lchen6/gpu_logs/0298_new_agent_gpu_samples100_din2048_dout2048_read8388608_write8388608.log
2,299,0,new_agent,gpu,100,2048,2048,16777216,16777216,1.3199482513591647,0.451749324798584,0.010438680648803711,,2.2222222222222223,6.0,1.41,1.41,0,/direct/sdcc+u/lchen6/gpu_logs/0299_new_agent_gpu_samples100_din2048_dout2048_read16777216_write16777216.log
2,300,0,new_agent,gpu,100,2048,2048,33554432,33554432,1.4669394316151738,0.6685352325439453,0.010522603988647461,,2.8,12.0,1.281,1.305,0,/direct/sdcc+u/lchen6/gpu_logs/0300_new_agent_gpu_samples100_din2048_dout2048_read33554432_write33554432.log
2,301,0,new_agent,gpu,100,2048,2048,67108864,67108864,1.3442742628976703,0.5228376388549805,0.010455846786499023,,4.333333333333333,13.0,1.275,1.275,0,/direct/sdcc+u/lchen6/gpu_logs/0301_new_agent_gpu_samples100_din2048_dout2048_read67108864_write67108864.log
2,302,0,new_agent,gpu,100,2048,2048,134217728,134217728,1.4892248483374715,0.6078362464904785,0.01049041748046875,,4.3,13.0,1.275,1.275,0,/direct/sdcc+u/lchen6/gpu_logs/0302_new_agent_gpu_samples100_din2048_dout2048_read134217728_write134217728.log
2,303,0,new_agent,gpu,100,2048,2048,268435456,268435456,1.6621215008199215,0.782280683517456,0.010479927062988281,,3.272727272727273,13.0,1.275,1.275,0,/direct/sdcc+u/lchen6/gpu_logs/0303_new_agent_gpu_samples100_din2048_dout2048_read268435456_write268435456.log
2,304,0,new_agent,gpu,100,2048,2048,536870912,536870912,2.004176107235253,1.0982422828674316,0.010526895523071289,,2.142857142857143,15.0,1.275,1.275,0,/direct/sdcc+u/lchen6/gpu_logs/0304_new_agent_gpu_samples100_din2048_dout2048_read536870912_write536870912.log
2,305,0,new_agent,gpu,100,4096,4096,4194304,4194304,1.3559328997507691,0.4835517406463623,0.04004526138305664,,2.0,7.0,1.31,1.41,0,/direct/sdcc+u/lchen6/gpu_logs/0305_new_agent_gpu_samples100_din4096_dout4096_read4194304_write4194304.log
2,306,0,new_agent,gpu,100,4096,4096,8388608,8388608,1.3109227186068892,0.4936797618865967,0.0357661247253418,,9.444444444444445,41.0,1.41,1.41,0,/direct/sdcc+u/lchen6/gpu_logs/0306_new_agent_gpu_samples100_din4096_dout4096_read8388608_write8388608.log
2,307,0,new_agent,gpu,100,4096,4096,16777216,16777216,1.3459398159757257,0.48870372772216797,0.04111194610595703,,7.333333333333333,26.0,1.3283333333333334,1.41,0,/direct/sdcc+u/lchen6/gpu_logs/0307_new_agent_gpu_samples100_din4096_dout4096_read16777216_write16777216.log
2,308,0,new_agent,gpu,100,4096,4096,33554432,33554432,1.3098614206537604,0.5091085433959961,0.040220022201538086,,8.222222222222221,42.0,1.35,1.35,0,/direct/sdcc+u/lchen6/gpu_logs/0308_new_agent_gpu_samples100_din4096_dout4096_read33554432_write33554432.log
2,309,0,new_agent,gpu,100,4096,4096,67108864,67108864,1.3550902409479022,0.56709885597229,0.04044055938720703,,11.222222222222221,42.0,1.3,1.35,0,/direct/sdcc+u/lchen6/gpu_logs/0309_new_agent_gpu_samples100_din4096_dout4096_read67108864_write67108864.log
2,310,0,new_agent,gpu,100,4096,4096,134217728,134217728,1.5329626929014921,0.6293931007385254,0.04041624069213867,,10.1,42.0,1.356,1.38,0,/direct/sdcc+u/lchen6/gpu_logs/0310_new_agent_gpu_samples100_din4096_dout4096_read134217728_write134217728.log
2,311,0,new_agent,gpu,100,4096,4096,268435456,268435456,1.608112920075655,0.7960827350616455,0.04044508934020996,,6.2727272727272725,32.0,1.3704545454545456,1.38,0,/direct/sdcc+u/lchen6/gpu_logs/0311_new_agent_gpu_samples100_din4096_dout4096_read268435456_write268435456.log
2,312,0,new_agent,gpu,100,4096,4096,536870912,536870912,2.0550085678696632,1.141397476196289,0.0417017936706543,,5.5,24.0,1.275,1.275,0,/direct/sdcc+u/lchen6/gpu_logs/0312_new_agent_gpu_samples100_din4096_dout4096_read536870912_write536870912.log
2,313,0,new_agent,gpu,100,8192,8192,4194304,4194304,1.72578533180058,0.6030821800231934,0.16805434226989746,,15.545454545454545,96.0,1.3172727272727272,1.41,0,/direct/sdcc+u/lchen6/gpu_logs/0313_new_agent_gpu_samples100_din8192_dout8192_read4194304_write4194304.log
2,314,0,new_agent,gpu,100,8192,8192,8388608,8388608,1.6880131578072906,0.5889554023742676,0.17038512229919434,,17.181818181818183,100.0,1.41,1.41,0,/direct/sdcc+u/lchen6/gpu_logs/0314_new_agent_gpu_samples100_din8192_dout8192_read8388608_write8388608.log
2,315,0,new_agent,gpu,100,8192,8192,16777216,16777216,1.6710633495822549,0.6050198078155518,0.17125678062438965,,17.818181818181817,75.0,1.41,1.41,0,/direct/sdcc+u/lchen6/gpu_logs/0315_new_agent_gpu_samples100_din8192_dout8192_read16777216_write16777216.log
2,316,0,new_agent,gpu,100,8192,8192,33554432,33554432,1.6800731113180518,0.6200556755065918,0.16771936416625977,,15.727272727272727,100.0,1.41,1.41,0,/direct/sdcc+u/lchen6/gpu_logs/0316_new_agent_gpu_samples100_din8192_dout8192_read33554432_write33554432.log
2,317,0,new_agent,gpu,100,8192,8192,67108864,67108864,1.6749766319990158,0.6718747615814209,0.17183232307434082,,16.727272727272727,100.0,1.41,1.41,0,/direct/sdcc+u/lchen6/gpu_logs/0317_new_agent_gpu_samples100_din8192_dout8192_read67108864_write67108864.log
2,318,0,new_agent,gpu,100,8192,8192,134217728,134217728,1.6780654918402433,0.7437803745269775,0.1446390151977539,,17.818181818181817,76.0,1.41,1.41,0,/direct/sdcc+u/lchen6/gpu_logs/0318_new_agent_gpu_samples100_din8192_dout8192_read134217728_write134217728.log
2,319,0,new_agent,gpu,100,8192,8192,268435456,268435456,1.8776945816352963,0.9158294200897217,0.1444852352142334,,14.538461538461538,100.0,1.41,1.41,0,/direct/sdcc+u/lchen6/gpu_logs/0319_new_agent_gpu_samples100_din8192_dout8192_read268435456_write268435456.log
2,320,0,new_agent,gpu,100,8192,8192,536870912,536870912,2.243853982537985,1.2702686786651611,0.16947126388549805,,16.533333333333335,74.0,1.41,1.41,0,/direct/sdcc+u/lchen6/gpu_logs/0320_new_agent_gpu_samples100_din8192_dout8192_read536870912_write536870912.log
2,321,0,new_agent,gpu,100,16384,16384,4194304,4194304,3.016932064667344,1.0476102828979492,0.5005507469177246,,42.15,100.0,1.3845,1.41,0,/direct/sdcc+u/lchen6/gpu_logs/0321_new_agent_gpu_samples100_din16384_dout16384_read4194304_write4194304.log
2,322,0,new_agent,gpu,100,16384,16384,8388608,8388608,2.975870508700609,1.033799648284912,0.49057507514953613,,47.05,100.0,1.41,1.41,0,/direct/sdcc+u/lchen6/gpu_logs/0322_new_agent_gpu_samples100_din16384_dout16384_read8388608_write8388608.log
2,323,0,new_agent,gpu,100,16384,16384,16777216,16777216,2.9390980200842023,1.0346708297729492,0.4900045394897461,,42.05,100.0,1.41,1.41,0,/direct/sdcc+u/lchen6/gpu_logs/0323_new_agent_gpu_samples100_din16384_dout16384_read16777216_write16777216.log
2,324,0,new_agent,gpu,100,16384,16384,33554432,33554432,2.9359072763472795,1.0534043312072754,0.4903450012207031,,44.8421052631579,100.0,1.41,1.41,0,/direct/sdcc+u/lchen6/gpu_logs/0324_new_agent_gpu_samples100_din16384_dout16384_read33554432_write33554432.log
2,325,0,new_agent,gpu,100,16384,16384,67108864,67108864,3.0279066637158394,1.102844476699829,0.4900014400482178,,44.65,100.0,1.41,1.41,0,/direct/sdcc+u/lchen6/gpu_logs/0325_new_agent_gpu_samples100_din16384_dout16384_read67108864_write67108864.log
2,326,0,new_agent,gpu,100,16384,16384,134217728,134217728,2.9499763436615467,1.1741249561309814,0.4876575469970703,,42.5,100.0,1.41,1.41,0,/direct/sdcc+u/lchen6/gpu_logs/0326_new_agent_gpu_samples100_din16384_dout16384_read134217728_write134217728.log
2,327,0,new_agent,gpu,100,16384,16384,268435456,268435456,2.950999961234629,1.3401126861572266,0.48911190032958984,,44.15,100.0,1.41,1.41,0,/direct/sdcc+u/lchen6/gpu_logs/0327_new_agent_gpu_samples100_din16384_dout16384_read268435456_write268435456.log
2,328,0,new_agent,gpu,100,16384,16384,536870912,536870912,2.9829690037295222,1.674370288848877,0.4893989562988281,,44.55,100.0,1.41,1.41,0,/direct/sdcc+u/lchen6/gpu_logs/0328_new_agent_gpu_samples100_din16384_dout16384_read536870912_write536870912.log
2,329,0,new_agent,gpu,100,32768,32768,4194304,4194304,8.073961650021374,3.0419440269470215,1.7565476894378662,,63.73076923076923,100.0,1.394423076923077,1.41,0,/direct/sdcc+u/lchen6/gpu_logs/0329_new_agent_gpu_samples100_din32768_dout32768_read4194304_write4194304.log
2,330,0,new_agent,gpu,100,32768,32768,8388608,8388608,8.084610183723271,3.038684129714966,1.7503235340118408,,66.69811320754717,100.0,1.3947169811320754,1.41,0,/direct/sdcc+u/lchen6/gpu_logs/0330_new_agent_gpu_samples100_din32768_dout32768_read8388608_write8388608.log
2,331,0,new_agent,gpu,100,32768,32768,16777216,16777216,8.068002194166183,3.043687105178833,1.7463009357452393,,67.18867924528301,100.0,1.3972641509433963,1.41,0,/direct/sdcc+u/lchen6/gpu_logs/0331_new_agent_gpu_samples100_din32768_dout32768_read16777216_write16777216.log
2,332,0,new_agent,gpu,100,32768,32768,33554432,33554432,8.059023416601121,3.0715856552124023,1.7694947719573975,,65.65384615384616,100.0,1.3970192307692306,1.41,0,/direct/sdcc+u/lchen6/gpu_logs/0332_new_agent_gpu_samples100_din32768_dout32768_read33554432_write33554432.log
2,333,0,new_agent,gpu,100,32768,32768,67108864,67108864,8.06492431089282,3.1097378730773926,1.7544658184051514,,66.39622641509433,100.0,1.3947169811320754,1.41,0,/direct/sdcc+u/lchen6/gpu_logs/0333_new_agent_gpu_samples100_din32768_dout32768_read67108864_write67108864.log
2,334,0,new_agent,gpu,100,32768,32768,134217728,134217728,8.055033194832504,3.198913335800171,1.759697437286377,,66.60377358490567,100.0,1.3972641509433963,1.41,0,/direct/sdcc+u/lchen6/gpu_logs/0334_new_agent_gpu_samples100_din32768_dout32768_read134217728_write134217728.log
2,335,0,new_agent,gpu,100,32768,32768,268435456,268435456,8.161831067875028,3.3546202182769775,1.758800983428955,,66.32075471698113,100.0,1.3947169811320754,1.41,0,/direct/sdcc+u/lchen6/gpu_logs/0335_new_agent_gpu_samples100_din32768_dout32768_read268435456_write268435456.log
2,336,0,new_agent,gpu,100,32768,32768,536870912,536870912,8.071011781692505,3.69427490234375,1.764195442199707,,64.73584905660377,100.0,1.3947169811320754,1.41,0,/direct/sdcc+u/lchen6/gpu_logs/0336_new_agent_gpu_samples100_din32768_dout32768_read536870912_write536870912.log
2,337,0,new_training,gpu,100,4,4,4194304,4194304,1.2070252383127809,0.42380428314208984,0.002432107925415039,7.033348083496094e-05,33.875,99.0,1.41,1.41,0,/direct/sdcc+u/lchen6/gpu_logs/0337_new_training_gpu_samples100_din4_dout4_read4194304_write4194304.log
2,338,0,new_training,gpu,100,4,4,8388608,8388608,1.3300625309348106,0.43114447593688965,0.0023431777954101562,7.390975952148438e-05,2.111111111111111,6.0,1.35,1.41,0,/direct/sdcc+u/lchen6/gpu_logs/0338_new_training_gpu_samples100_din4_dout4_read8388608_write8388608.log
2,339,0,new_training,gpu,100,4,4,16777216,16777216,1.324214655905962,0.43745970726013184,0.0023043155670166016,7.152557373046875e-05,1.7777777777777777,7.0,1.275,1.275,0,/direct/sdcc+u/lchen6/gpu_logs/0339_new_training_gpu_samples100_din4_dout4_read16777216_write16777216.log
2,340,0,new_training,gpu,100,4,4,33554432,33554432,1.3536777524277568,0.4829986095428467,0.0023200511932373047,7.128715515136719e-05,2.0,6.0,1.305,1.365,0,/direct/sdcc+u/lchen6/gpu_logs/0340_new_training_gpu_samples100_din4_dout4_read33554432_write33554432.log
2,341,0,new_training,gpu,100,4,4,67108864,67108864,1.3890387499704957,0.5012760162353516,0.0023305416107177734,7.534027099609375e-05,2.0,6.0,1.355,1.365,0,/direct/sdcc+u/lchen6/gpu_logs/0341_new_training_gpu_samples100_din4_dout4_read67108864_write67108864.log
2,342,0,new_training,gpu,100,4,4,134217728,134217728,1.4580965330824256,0.5862421989440918,0.002309560775756836,7.176399230957031e-05,1.9,6.0,1.275,1.275,0,/direct/sdcc+u/lchen6/gpu_logs/0342_new_training_gpu_samples100_din4_dout4_read134217728_write134217728.log
2,343,0,new_training,gpu,100,4,4,268435456,268435456,1.65700398478657,0.7619748115539551,0.0023381710052490234,7.200241088867188e-05,1.0,6.0,1.315909090909091,1.365,0,/direct/sdcc+u/lchen6/gpu_logs/0343_new_training_gpu_samples100_din4_dout4_read268435456_write268435456.log
2,344,0,new_training,gpu,100,4,4,536870912,536870912,1.9819678468629718,1.0775120258331299,0.0023040771484375,7.176399230957031e-05,0.8571428571428571,6.0,1.32,1.365,0,/direct/sdcc+u/lchen6/gpu_logs/0344_new_training_gpu_samples100_din4_dout4_read536870912_write536870912.log
2,345,0,new_training,gpu,100,8,8,4194304,4194304,1.2371158273890615,0.4461648464202881,0.0023505687713623047,7.748603820800781e-05,1.0,6.0,1.314375,1.38,0,/direct/sdcc+u/lchen6/gpu_logs/0345_new_training_gpu_samples100_din8_dout8_read4194304_write4194304.log
2,346,0,new_training,gpu,100,8,8,8388608,8388608,1.2939374009147286,0.42214202880859375,0.0023674964904785156,7.677078247070312e-05,1.7777777777777777,6.0,1.38,1.38,0,/direct/sdcc+u/lchen6/gpu_logs/0346_new_training_gpu_samples100_din8_dout8_read8388608_write8388608.log
2,347,0,new_training,gpu,100,8,8,16777216,16777216,1.3308106763288379,0.44843220710754395,0.002393484115600586,7.319450378417969e-05,2.111111111111111,6.0,1.2866666666666668,1.38,0,/direct/sdcc+u/lchen6/gpu_logs/0347_new_training_gpu_samples100_din8_dout8_read16777216_write16777216.log
2,348,0,new_training,gpu,100,8,8,33554432,33554432,1.3443252090364695,0.4700019359588623,0.0023834705352783203,7.2479248046875e-05,2.111111111111111,7.0,1.275,1.275,0,/direct/sdcc+u/lchen6/gpu_logs/0348_new_training_gpu_samples100_din8_dout8_read33554432_write33554432.log
2,349,0,new_training,gpu,100,8,8,67108864,67108864,1.3861129134893417,0.5103249549865723,0.0023157596588134766,7.152557373046875e-05,1.3333333333333333,6.0,1.305,1.365,0,/direct/sdcc+u/lchen6/gpu_logs/0349_new_training_gpu_samples100_din8_dout8_read67108864_write67108864.log
2,350,0,new_training,gpu,100,8,8,134217728,134217728,1.3550956854596734,0.5748205184936523,0.0023643970489501953,6.937980651855469e-05,1.5555555555555556,6.0,1.38,1.41,0,/direct/sdcc+u/lchen6/gpu_logs/0350_new_training_gpu_samples100_din8_dout8_read134217728_write134217728.log
2,351,0,new_training,gpu,100,8,8,268435456,268435456,1.7990894243121147,0.9026803970336914,0.0024831295013427734,7.891654968261719e-05,1.3333333333333333,6.0,1.37625,1.41,0,/direct/sdcc+u/lchen6/gpu_logs/0351_new_training_gpu_samples100_din8_dout8_read268435456_write268435456.log
2,352,0,new_training,gpu,100,8,8,536870912,536870912,1.9305022675544024,1.0995986461639404,0.002353668212890625,7.009506225585938e-05,1.0769230769230769,6.0,1.275,1.275,0,/direct/sdcc+u/lchen6/gpu_logs/0352_new_training_gpu_samples100_din8_dout8_read536870912_write536870912.log
2,353,0,new_training,gpu,100,16,16,4194304,4194304,1.345990851521492,0.43824148178100586,0.002372264862060547,5.841255187988281e-05,1.8888888888888888,6.0,1.275,1.275,0,/direct/sdcc+u/lchen6/gpu_logs/0353_new_training_gpu_samples100_din16_dout16_read4194304_write4194304.log
2,354,0,new_training,gpu,100,16,16,8388608,8388608,1.2411101860925555,0.44196033477783203,0.0023975372314453125,5.698204040527344e-05,1.5,6.0,1.29375,1.35,0,/direct/sdcc+u/lchen6/gpu_logs/0354_new_training_gpu_samples100_din16_dout16_read8388608_write8388608.log
2,355,0,new_training,gpu,100,16,16,16777216,16777216,1.345156542956829,0.44483184814453125,0.002332448959350586,5.698204040527344e-05,1.1111111111111112,6.0,1.35,1.35,0,/direct/sdcc+u/lchen6/gpu_logs/0355_new_training_gpu_samples100_din16_dout16_read16777216_write16777216.log
2,356,0,new_training,gpu,100,16,16,33554432,33554432,1.3620429374277592,0.4706301689147949,0.002335786819458008,5.793571472167969e-05,1.3333333333333333,6.0,1.3283333333333334,1.41,0,/direct/sdcc+u/lchen6/gpu_logs/0356_new_training_gpu_samples100_din16_dout16_read33554432_write33554432.log
2,357,0,new_training,gpu,100,16,16,67108864,67108864,1.3800142211839557,0.49359560012817383,0.0024116039276123047,5.793571472167969e-05,1.4444444444444444,6.0,1.41,1.41,0,/direct/sdcc+u/lchen6/gpu_logs/0357_new_training_gpu_samples100_din16_dout16_read67108864_write67108864.log
2,358,0,new_training,gpu,100,16,16,134217728,134217728,1.4959914898499846,0.5952107906341553,0.002373218536376953,5.7220458984375e-05,1.4,4.0,1.275,1.275,0,/direct/sdcc+u/lchen6/gpu_logs/0358_new_training_gpu_samples100_din16_dout16_read134217728_write134217728.log
2,359,0,new_training,gpu,100,16,16,268435456,268435456,1.6419769395142794,0.751943826675415,0.0024247169494628906,5.745887756347656e-05,1.4545454545454546,6.0,1.3363636363636362,1.41,0,/direct/sdcc+u/lchen6/gpu_logs/0359_new_training_gpu_samples100_din16_dout16_read268435456_write268435456.log
2,360,0,new_training,gpu,100,16,16,536870912,536870912,1.9101282823830843,1.0789332389831543,0.002331972122192383,5.793571472167969e-05,0.9230769230769231,6.0,1.3488461538461538,1.41,0,/direct/sdcc+u/lchen6/gpu_logs/0360_new_training_gpu_samples100_din16_dout16_read536870912_write536870912.log
2,361,0,new_training,gpu,100,32,32,4194304,4194304,1.3281348356977105,0.4325532913208008,0.0023806095123291016,6.437301635742188e-05,1.4444444444444444,6.0,1.275,1.275,0,/direct/sdcc+u/lchen6/gpu_logs/0361_new_training_gpu_samples100_din32_dout32_read4194304_write4194304.log
2,362,0,new_training,gpu,100,32,32,8388608,8388608,1.2810131013393402,0.43686890602111816,0.0024356842041015625,5.7697296142578125e-05,1.5,7.0,1.275,1.275,0,/direct/sdcc+u/lchen6/gpu_logs/0362_new_training_gpu_samples100_din32_dout32_read8388608_write8388608.log
2,363,0,new_training,gpu,100,32,32,16777216,16777216,1.3169883890077472,0.45467519760131836,0.002414703369140625,6.0558319091796875e-05,2.2222222222222223,6.0,1.275,1.275,0,/direct/sdcc+u/lchen6/gpu_logs/0363_new_training_gpu_samples100_din32_dout32_read16777216_write16777216.log
2,364,0,new_training,gpu,100,32,32,33554432,33554432,1.3431038204580545,0.4679889678955078,0.0024161338806152344,6.079673767089844e-05,2.111111111111111,7.0,1.275,1.275,0,/direct/sdcc+u/lchen6/gpu_logs/0364_new_training_gpu_samples100_din32_dout32_read33554432_write33554432.log
2,365,0,new_training,gpu,100,32,32,67108864,67108864,1.369214908219874,0.5081465244293213,0.0023872852325439453,5.6743621826171875e-05,2.0,6.0,1.29,1.32,0,/direct/sdcc+u/lchen6/gpu_logs/0365_new_training_gpu_samples100_din32_dout32_read67108864_write67108864.log
2,366,0,new_training,gpu,100,32,32,134217728,134217728,1.4832679061219096,0.5889279842376709,0.0024178028106689453,5.91278076171875e-05,1.3,6.0,1.3155,1.32,0,/direct/sdcc+u/lchen6/gpu_logs/0366_new_training_gpu_samples100_din32_dout32_read134217728_write134217728.log
2,367,0,new_training,gpu,100,32,32,268435456,268435456,1.6368465600535274,0.7570793628692627,0.0024361610412597656,6.008148193359375e-05,1.0909090909090908,7.0,1.3227272727272728,1.38,0,/direct/sdcc+u/lchen6/gpu_logs/0367_new_training_gpu_samples100_din32_dout32_read268435456_write268435456.log
2,368,0,new_training,gpu,100,32,32,536870912,536870912,2.0171042615547776,1.074859619140625,0.002428770065307617,6.031990051269531e-05,0.9285714285714286,6.0,1.3275,1.38,0,/direct/sdcc+u/lchen6/gpu_logs/0368_new_training_gpu_samples100_din32_dout32_read536870912_write536870912.log
2,369,0,new_training,gpu,100,64,64,4194304,4194304,1.342962802387774,0.4336097240447998,0.002385377883911133,5.841255187988281e-05,2.0,6.0,1.275,1.275,0,/direct/sdcc+u/lchen6/gpu_logs/0369_new_training_gpu_samples100_din64_dout64_read4194304_write4194304.log
2,370,0,new_training,gpu,100,64,64,8388608,8388608,1.3230975000187755,0.44367074966430664,0.0023860931396484375,6.031990051269531e-05,2.0,6.0,1.3,1.35,0,/direct/sdcc+u/lchen6/gpu_logs/0370_new_training_gpu_samples100_din64_dout64_read8388608_write8388608.log
2,371,0,new_training,gpu,100,64,64,16777216,16777216,1.338970516808331,0.4417083263397217,0.0025315284729003906,5.91278076171875e-05,1.4444444444444444,6.0,1.35,1.35,0,/direct/sdcc+u/lchen6/gpu_logs/0371_new_training_gpu_samples100_din64_dout64_read16777216_write16777216.log
2,372,0,new_training,gpu,100,64,64,33554432,33554432,1.3732370752841234,0.4787425994873047,0.002384185791015625,5.698204040527344e-05,1.4444444444444444,6.0,1.275,1.275,0,/direct/sdcc+u/lchen6/gpu_logs/0372_new_training_gpu_samples100_din64_dout64_read33554432_write33554432.log
2,373,0,new_training,gpu,100,64,64,67108864,67108864,1.375045521184802,0.5059669017791748,0.002413511276245117,6.103515625e-05,1.6666666666666667,7.0,1.3216666666666668,1.38,0,/direct/sdcc+u/lchen6/gpu_logs/0373_new_training_gpu_samples100_din64_dout64_read67108864_write67108864.log
2,374,0,new_training,gpu,100,64,64,134217728,134217728,1.4733142107725143,0.5869472026824951,0.002434968948364258,5.936622619628906e-05,1.2,6.0,1.392,1.41,0,/direct/sdcc+u/lchen6/gpu_logs/0374_new_training_gpu_samples100_din64_dout64_read134217728_write134217728.log
2,375,0,new_training,gpu,100,64,64,268435456,268435456,1.636946345679462,0.7380039691925049,0.002402782440185547,5.8650970458984375e-05,1.6363636363636365,6.0,1.3731818181818183,1.41,0,/direct/sdcc+u/lchen6/gpu_logs/0375_new_training_gpu_samples100_din64_dout64_read268435456_write268435456.log
2,376,0,new_training,gpu,100,64,64,536870912,536870912,1.9180157370865345,1.0940139293670654,0.002412557601928711,6.0558319091796875e-05,1.5384615384615385,6.0,1.275,1.275,0,/direct/sdcc+u/lchen6/gpu_logs/0376_new_training_gpu_samples100_din64_dout64_read536870912_write536870912.log
2,377,0,new_training,gpu,100,128,128,4194304,4194304,1.359052337706089,0.43868327140808105,0.0024433135986328125,6.866455078125e-05,1.4444444444444444,7.0,1.295,1.32,0,/direct/sdcc+u/lchen6/gpu_logs/0377_new_training_gpu_samples100_din128_dout128_read4194304_write4194304.log
2,378,0,new_training,gpu,100,128,128,8388608,8388608,1.2368071926757693,0.440701961517334,0.0024504661560058594,6.556510925292969e-05,1.375,6.0,1.32,1.32,0,/direct/sdcc+u/lchen6/gpu_logs/0378_new_training_gpu_samples100_din128_dout128_read8388608_write8388608.log
2,379,0,new_training,gpu,100,128,128,16777216,16777216,1.2340004919096828,0.4465978145599365,0.0024797916412353516,6.67572021484375e-05,1.625,6.0,1.314375,1.41,0,/direct/sdcc+u/lchen6/gpu_logs/0379_new_training_gpu_samples100_din128_dout128_read16777216_write16777216.log
2,380,0,new_training,gpu,100,128,128,33554432,33554432,1.328144483268261,0.45802950859069824,0.0024797916412353516,7.319450378417969e-05,1.8888888888888888,6.0,1.41,1.41,0,/direct/sdcc+u/lchen6/gpu_logs/0380_new_training_gpu_samples100_din128_dout128_read33554432_write33554432.log
2,381,0,new_training,gpu,100,128,128,67108864,67108864,1.3672295939177275,0.49750781059265137,0.002494335174560547,6.651878356933594e-05,1.2222222222222223,6.0,1.41,1.41,0,/direct/sdcc+u/lchen6/gpu_logs/0381_new_training_gpu_samples100_din128_dout128_read67108864_write67108864.log
2,382,0,new_training,gpu,100,128,128,134217728,134217728,1.4789705527946353,0.5968523025512695,0.0024602413177490234,6.985664367675781e-05,1.7,6.0,1.275,1.275,0,/direct/sdcc+u/lchen6/gpu_logs/0382_new_training_gpu_samples100_din128_dout128_read134217728_write134217728.log
2,383,0,new_training,gpu,100,128,128,268435456,268435456,1.647000472061336,0.7515459060668945,0.0024340152740478516,6.842613220214844e-05,1.4545454545454546,6.0,1.3363636363636362,1.41,0,/direct/sdcc+u/lchen6/gpu_logs/0383_new_training_gpu_samples100_din128_dout128_read268435456_write268435456.log
2,384,0,new_training,gpu,100,128,128,536870912,536870912,1.900050406344235,1.079793930053711,0.0025091171264648438,7.104873657226562e-05,1.3076923076923077,6.0,1.41,1.41,0,/direct/sdcc+u/lchen6/gpu_logs/0384_new_training_gpu_samples100_din128_dout128_read536870912_write536870912.log
2,385,0,new_training,gpu,100,256,256,4194304,4194304,1.2928228788077831,0.444821834564209,0.002718687057495117,9.822845458984375e-05,2.0,6.0,1.35,1.41,0,/direct/sdcc+u/lchen6/gpu_logs/0385_new_training_gpu_samples100_din256_dout256_read4194304_write4194304.log
2,386,0,new_training,gpu,100,256,256,8388608,8388608,1.3389764185994864,0.4509119987487793,0.002593517303466797,9.632110595703125e-05,1.6666666666666667,4.0,1.3,1.35,0,/direct/sdcc+u/lchen6/gpu_logs/0386_new_training_gpu_samples100_din256_dout256_read8388608_write8388608.log
2,387,0,new_training,gpu,100,256,256,16777216,16777216,1.346097694709897,0.4425938129425049,0.0026085376739501953,0.00010085105895996094,2.0,6.0,1.35,1.35,0,/direct/sdcc+u/lchen6/gpu_logs/0387_new_training_gpu_samples100_din256_dout256_read16777216_write16777216.log
2,388,0,new_training,gpu,100,256,256,33554432,33554432,1.3781097996979952,0.4822573661804199,0.002635955810546875,9.799003601074219e-05,1.6666666666666667,6.0,1.275,1.275,0,/direct/sdcc+u/lchen6/gpu_logs/0388_new_training_gpu_samples100_din256_dout256_read33554432_write33554432.log
2,389,0,new_training,gpu,100,256,256,67108864,67108864,1.4138283282518387,0.5275685787200928,0.002599954605102539,0.0001201629638671875,1.4444444444444444,7.0,1.275,1.275,0,/direct/sdcc+u/lchen6/gpu_logs/0389_new_training_gpu_samples100_din256_dout256_read67108864_write67108864.log
2,390,0,new_training,gpu,100,256,256,134217728,134217728,1.501949661411345,0.5932037830352783,0.0025930404663085938,9.989738464355469e-05,1.6,7.0,1.275,1.275,0,/direct/sdcc+u/lchen6/gpu_logs/0390_new_training_gpu_samples100_din256_dout256_read134217728_write134217728.log
2,391,0,new_training,gpu,100,256,256,268435456,268435456,1.6710692821070552,0.7586443424224854,0.002631664276123047,0.000118255615234375,1.9090909090909092,6.0,1.2954545454545454,1.32,0,/direct/sdcc+u/lchen6/gpu_logs/0391_new_training_gpu_samples100_din256_dout256_read268435456_write268435456.log
2,392,0,new_training,gpu,100,256,256,536870912,536870912,1.8860978540033102,1.0885462760925293,0.0026252269744873047,0.00011801719665527344,1.0769230769230769,6.0,1.3753846153846154,1.41,0,/direct/sdcc+u/lchen6/gpu_logs/0392_new_training_gpu_samples100_din256_dout256_read536870912_write536870912.log
2,393,0,new_training,gpu,100,512,512,4194304,4194304,1.3366763601079583,0.4352989196777344,0.002907276153564453,0.0004992485046386719,1.8888888888888888,6.0,1.35,1.41,0,/direct/sdcc+u/lchen6/gpu_logs/0393_new_training_gpu_samples100_din512_dout512_read4194304_write4194304.log
2,394,0,new_training,gpu,100,512,512,8388608,8388608,1.3280569706112146,0.44936037063598633,0.0028913021087646484,0.0005314350128173828,1.6666666666666667,7.0,1.275,1.275,0,/direct/sdcc+u/lchen6/gpu_logs/0394_new_training_gpu_samples100_din512_dout512_read8388608_write8388608.log
2,395,0,new_training,gpu,100,512,512,16777216,16777216,1.3400900959968567,0.46424365043640137,0.002903461456298828,0.0005934238433837891,2.4444444444444446,6.0,1.275,1.275,0,/direct/sdcc+u/lchen6/gpu_logs/0395_new_training_gpu_samples100_din512_dout512_read16777216_write16777216.log
2,396,0,new_training,gpu,100,512,512,33554432,33554432,1.362033591605723,0.4764578342437744,0.002890348434448242,0.0005447864532470703,2.0,4.0,1.275,1.275,0,/direct/sdcc+u/lchen6/gpu_logs/0396_new_training_gpu_samples100_din512_dout512_read33554432_write33554432.log
2,397,0,new_training,gpu,100,512,512,67108864,67108864,1.3949350826442242,0.5285446643829346,0.0029001235961914062,0.0005447864532470703,1.1111111111111112,7.0,1.29,1.29,0,/direct/sdcc+u/lchen6/gpu_logs/0397_new_training_gpu_samples100_din512_dout512_read67108864_write67108864.log
2,398,0,new_training,gpu,100,512,512,134217728,134217728,1.4661000380292535,0.5928974151611328,0.002925872802734375,0.0004889965057373047,1.8,7.0,1.2795,1.29,0,/direct/sdcc+u/lchen6/gpu_logs/0398_new_training_gpu_samples100_din512_dout512_read134217728_write134217728.log
2,399,0,new_training,gpu,100,512,512,268435456,268435456,1.6827823789790273,0.7719564437866211,0.0028994083404541016,0.0005319118499755859,1.8181818181818181,6.0,1.275,1.275,0,/direct/sdcc+u/lchen6/gpu_logs/0399_new_training_gpu_samples100_din512_dout512_read268435456_write268435456.log
2,400,0,new_training,gpu,100,512,512,536870912,536870912,1.9089887756854296,1.1017818450927734,0.002913236618041992,0.0004875659942626953,1.3846153846153846,6.0,1.3396153846153844,1.395,0,/direct/sdcc+u/lchen6/gpu_logs/0400_new_training_gpu_samples100_din512_dout512_read536870912_write536870912.log
2,401,0,new_training,gpu,100,1024,1024,4194304,4194304,1.3633675957098603,0.4631223678588867,0.007961273193359375,0.024383068084716797,3.6666666666666665,24.0,1.3416666666666668,1.395,0,/direct/sdcc+u/lchen6/gpu_logs/0401_new_training_gpu_samples100_din1024_dout1024_read4194304_write4194304.log
2,402,0,new_training,gpu,100,1024,1024,8388608,8388608,1.386216807179153,0.4764115810394287,0.007970571517944336,0.024138927459716797,4.111111111111111,24.0,1.275,1.275,0,/direct/sdcc+u/lchen6/gpu_logs/0402_new_training_gpu_samples100_din1024_dout1024_read8388608_write8388608.log
2,403,0,new_training,gpu,100,1024,1024,16777216,16777216,1.350997807458043,0.47971034049987793,0.00791311264038086,0.020786285400390625,3.7777777777777777,24.0,1.305,1.365,0,/direct/sdcc+u/lchen6/gpu_logs/0403_new_training_gpu_samples100_din1024_dout1024_read16777216_write16777216.log
2,404,0,new_training,gpu,100,1024,1024,33554432,33554432,1.3601916478946805,0.4828813076019287,0.01945781707763672,0.014208078384399414,6.555555555555555,23.0,1.355,1.365,0,/direct/sdcc+u/lchen6/gpu_logs/0404_new_training_gpu_samples100_din1024_dout1024_read33554432_write33554432.log
2,405,0,new_training,gpu,100,1024,1024,67108864,67108864,1.3291258113458753,0.5354843139648438,0.007976293563842773,0.024219989776611328,3.6666666666666665,24.0,1.275,1.275,0,/direct/sdcc+u/lchen6/gpu_logs/0405_new_training_gpu_samples100_din1024_dout1024_read67108864_write67108864.log
2,406,0,new_training,gpu,100,1024,1024,134217728,134217728,1.53000143263489,0.6238303184509277,0.007937431335449219,0.023447751998901367,8.2,24.0,1.275,1.275,0,/direct/sdcc+u/lchen6/gpu_logs/0406_new_training_gpu_samples100_din1024_dout1024_read134217728_write134217728.log
2,407,0,new_training,gpu,100,1024,1024,268435456,268435456,1.613432763144374,0.7927796840667725,0.007839679718017578,0.01986551284790039,3.1818181818181817,22.0,1.3295454545454546,1.395,0,/direct/sdcc+u/lchen6/gpu_logs/0407_new_training_gpu_samples100_din1024_dout1024_read268435456_write268435456.log
2,408,0,new_training,gpu,100,1024,1024,536870912,536870912,1.912004110403359,1.0916600227355957,0.006057262420654297,0.011789321899414062,2.5384615384615383,23.0,1.3396153846153844,1.395,0,/direct/sdcc+u/lchen6/gpu_logs/0408_new_training_gpu_samples100_din1024_dout1024_read536870912_write536870912.log
2,409,0,new_training,gpu,100,2048,2048,4194304,4194304,1.4459921335801482,0.47406649589538574,0.014397144317626953,0.021982669830322266,2.9,20.0,1.2885,1.32,0,/direct/sdcc+u/lchen6/gpu_logs/0409_new_training_gpu_samples100_din2048_dout2048_read4194304_write4194304.log
2,410,0,new_training,gpu,100,2048,2048,8388608,8388608,1.345383184030652,0.4722132682800293,0.014339685440063477,0.022422313690185547,5.0,23.0,1.3183333333333334,1.32,0,/direct/sdcc+u/lchen6/gpu_logs/0410_new_training_gpu_samples100_din2048_dout2048_read8388608_write8388608.log
2,411,0,new_training,gpu,100,2048,2048,16777216,16777216,1.3887536795809865,0.4944314956665039,0.01486659049987793,0.022853612899780273,4.555555555555555,24.0,1.2783333333333333,1.305,0,/direct/sdcc+u/lchen6/gpu_logs/0411_new_training_gpu_samples100_din2048_dout2048_read16777216_write16777216.log
2,412,0,new_training,gpu,100,2048,2048,33554432,33554432,1.373968810774386,0.4995243549346924,0.014537811279296875,0.021326541900634766,4.444444444444445,23.0,1.29,1.29,0,/direct/sdcc+u/lchen6/gpu_logs/0412_new_training_gpu_samples100_din2048_dout2048_read33554432_write33554432.log
2,413,0,new_training,gpu,100,2048,2048,67108864,67108864,1.3450618935748935,0.5448832511901855,0.014426231384277344,0.020238161087036133,2.2222222222222223,7.0,1.295,1.32,0,/direct/sdcc+u/lchen6/gpu_logs/0413_new_training_gpu_samples100_din2048_dout2048_read67108864_write67108864.log
2,414,0,new_training,gpu,100,2048,2048,134217728,134217728,1.4990378869697452,0.6204020977020264,0.014481067657470703,0.019980430603027344,5.7,23.0,1.3155,1.32,0,/direct/sdcc+u/lchen6/gpu_logs/0414_new_training_gpu_samples100_din2048_dout2048_read134217728_write134217728.log
2,415,0,new_training,gpu,100,2048,2048,268435456,268435456,1.62485536839813,0.800990104675293,0.014379262924194336,0.022298097610473633,5.818181818181818,23.0,1.29,1.29,0,/direct/sdcc+u/lchen6/gpu_logs/0415_new_training_gpu_samples100_din2048_dout2048_read268435456_write268435456.log
2,416,0,new_training,gpu,100,2048,2048,536870912,536870912,2.054041899740696,1.132673978805542,0.01432490348815918,0.02355813980102539,2.857142857142857,23.0,1.2760714285714287,1.29,0,/direct/sdcc+u/lchen6/gpu_logs/0416_new_training_gpu_samples100_din2048_dout2048_read536870912_write536870912.log
2,417,0,new_training,gpu,100,4096,4096,4194304,4194304,1.4971163757145405,0.6059327125549316,0.04448080062866211,0.12709665298461914,9.3,47.0,1.2885,1.41,0,/direct/sdcc+u/lchen6/gpu_logs/0417_new_training_gpu_samples100_din4096_dout4096_read4194304_write4194304.log
2,418,0,new_training,gpu,100,4096,4096,8388608,8388608,1.4989608069881797,0.5954222679138184,0.044748783111572266,0.11650443077087402,16.4,72.0,1.41,1.41,0,/direct/sdcc+u/lchen6/gpu_logs/0418_new_training_gpu_samples100_din4096_dout4096_read8388608_write8388608.log
2,419,0,new_training,gpu,100,4096,4096,16777216,16777216,1.4989976277574897,0.5938372611999512,0.044602394104003906,0.11629724502563477,9.0,42.0,1.41,1.41,0,/direct/sdcc+u/lchen6/gpu_logs/0419_new_training_gpu_samples100_din4096_dout4096_read16777216_write16777216.log
2,420,0,new_training,gpu,100,4096,4096,33554432,33554432,1.5220007915049791,0.6228702068328857,0.04438662528991699,0.1166541576385498,9.4,73.0,1.41,1.41,0,/direct/sdcc+u/lchen6/gpu_logs/0420_new_training_gpu_samples100_din4096_dout4096_read33554432_write33554432.log
2,421,0,new_training,gpu,100,4096,4096,67108864,67108864,1.5587560636922717,0.6533424854278564,0.04457902908325195,0.11630749702453613,12.5,39.0,1.41,1.41,0,/direct/sdcc+u/lchen6/gpu_logs/0421_new_training_gpu_samples100_din4096_dout4096_read67108864_write67108864.log
2,422,0,new_training,gpu,100,4096,4096,134217728,134217728,1.64105767570436,0.7540328502655029,0.04593968391418457,0.12523174285888672,8.636363636363637,66.0,1.3145454545454545,1.41,0,/direct/sdcc+u/lchen6/gpu_logs/0422_new_training_gpu_samples100_din4096_dout4096_read134217728_write134217728.log
2,423,0,new_training,gpu,100,4096,4096,268435456,268435456,1.783981722779572,0.902442216873169,0.04475212097167969,0.11621904373168945,8.166666666666666,54.0,1.41,1.41,0,/direct/sdcc+u/lchen6/gpu_logs/0423_new_training_gpu_samples100_din4096_dout4096_read268435456_write268435456.log
2,424,0,new_training,gpu,100,4096,4096,536870912,536870912,2.050015057437122,1.2373971939086914,0.044594764709472656,0.11656546592712402,7.0,64.0,1.41,1.41,0,/direct/sdcc+u/lchen6/gpu_logs/0424_new_training_gpu_samples100_din4096_dout4096_read536870912_write536870912.log
2,425,0,new_training,gpu,100,8192,8192,4194304,4194304,1.955256105400622,1.1432030200958252,0.17369461059570312,0.5794520378112793,31.923076923076923,100.0,1.3788461538461538,1.41,0,/direct/sdcc+u/lchen6/gpu_logs/0425_new_training_gpu_samples100_din8192_dout8192_read4194304_write4194304.log
2,426,0,new_training,gpu,100,8192,8192,8388608,8388608,1.9230605708435178,1.1422688961029053,0.17793488502502441,0.5439929962158203,29.923076923076923,100.0,1.41,1.41,0,/direct/sdcc+u/lchen6/gpu_logs/0426_new_training_gpu_samples100_din8192_dout8192_read8388608_write8388608.log
2,427,0,new_training,gpu,100,8192,8192,16777216,16777216,1.9348112931475043,1.1482486724853516,0.17491555213928223,0.5476090908050537,34.53846153846154,100.0,1.41,1.41,0,/direct/sdcc+u/lchen6/gpu_logs/0427_new_training_gpu_samples100_din8192_dout8192_read16777216_write16777216.log
2,428,0,new_training,gpu,100,8192,8192,33554432,33554432,1.9769846694543958,1.176257848739624,0.17455220222473145,0.5561769008636475,26.0,100.0,1.41,1.41,0,/direct/sdcc+u/lchen6/gpu_logs/0428_new_training_gpu_samples100_din8192_dout8192_read33554432_write33554432.log
2,429,0,new_training,gpu,100,8192,8192,67108864,67108864,2.1439160611480474,1.213646411895752,0.17311811447143555,0.5566034317016602,36.57142857142857,100.0,1.41,1.41,0,/direct/sdcc+u/lchen6/gpu_logs/0429_new_training_gpu_samples100_din8192_dout8192_read67108864_write67108864.log
2,430,0,new_training,gpu,100,8192,8192,134217728,134217728,2.0949625968933105,1.2995245456695557,0.16287684440612793,0.5482597351074219,29.785714285714285,100.0,1.41,1.41,0,/direct/sdcc+u/lchen6/gpu_logs/0430_new_training_gpu_samples100_din8192_dout8192_read134217728_write134217728.log
2,431,0,new_training,gpu,100,8192,8192,268435456,268435456,2.39499753434211,1.4617910385131836,0.18059182167053223,0.5429375171661377,25.8125,100.0,1.41,1.41,0,/direct/sdcc+u/lchen6/gpu_logs/0431_new_training_gpu_samples100_din8192_dout8192_read268435456_write268435456.log
2,432,0,new_training,gpu,100,8192,8192,536870912,536870912,2.619950048625469,1.786745309829712,0.16307997703552246,0.554286003112793,24.166666666666668,100.0,1.41,1.41,0,/direct/sdcc+u/lchen6/gpu_logs/0432_new_training_gpu_samples100_din8192_dout8192_read536870912_write536870912.log
2,433,0,new_training,gpu,100,16384,16384,4194304,4194304,4.31609321013093,3.271378755569458,0.5178077220916748,2.3385579586029053,53.67857142857143,100.0,1.3907142857142858,1.41,0,/direct/sdcc+u/lchen6/gpu_logs/0433_new_training_gpu_samples100_din16384_dout16384_read4194304_write4194304.log
2,434,0,new_training,gpu,100,16384,16384,8388608,8388608,4.327107318677008,3.244586944580078,0.48930978775024414,2.317018985748291,56.464285714285715,100.0,1.41,1.41,0,/direct/sdcc+u/lchen6/gpu_logs/0434_new_training_gpu_samples100_din16384_dout16384_read8388608_write8388608.log
2,435,0,new_training,gpu,100,16384,16384,16777216,16777216,4.300113218836486,3.272397518157959,0.5129473209381104,2.3225865364074707,54.75,100.0,1.41,1.41,0,/direct/sdcc+u/lchen6/gpu_logs/0435_new_training_gpu_samples100_din16384_dout16384_read16777216_write16777216.log
2,436,0,new_training,gpu,100,16384,16384,33554432,33554432,4.317994645796716,3.2938411235809326,0.5147924423217773,2.3199167251586914,57.035714285714285,100.0,1.41,1.41,0,/direct/sdcc+u/lchen6/gpu_logs/0436_new_training_gpu_samples100_din16384_dout16384_read33554432_write33554432.log
2,437,0,new_training,gpu,100,16384,16384,67108864,67108864,4.385846208781004,3.3291678428649902,0.518437385559082,2.3324806690216064,54.758620689655174,100.0,1.41,1.41,0,/direct/sdcc+u/lchen6/gpu_logs/0437_new_training_gpu_samples100_din16384_dout16384_read67108864_write67108864.log
2,438,0,new_training,gpu,100,16384,16384,134217728,134217728,4.561019552871585,3.4120066165924072,0.5027084350585938,2.318336248397827,56.4,100.0,1.41,1.41,0,/direct/sdcc+u/lchen6/gpu_logs/0438_new_training_gpu_samples100_din16384_dout16384_read134217728_write134217728.log
2,439,0,new_training,gpu,100,16384,16384,268435456,268435456,4.635007102042437,3.5854640007019043,0.5194923877716064,2.3321738243103027,53.41935483870968,100.0,1.41,1.41,0,/direct/sdcc+u/lchen6/gpu_logs/0439_new_training_gpu_samples100_din16384_dout16384_read268435456_write268435456.log
2,440,0,new_training,gpu,100,16384,16384,536870912,536870912,4.967111986130476,3.905297040939331,0.5104391574859619,2.334177255630493,48.78787878787879,100.0,1.41,1.41,0,/direct/sdcc+u/lchen6/gpu_logs/0440_new_training_gpu_samples100_din16384_dout16384_read536870912_write536870912.log
2,441,0,new_training,gpu,100,32768,32768,4194304,4194304,13.394970325753093,11.983479022979736,1.76969575881958,9.617368698120117,70.5340909090909,100.0,1.3869886363636363,1.41,0,/direct/sdcc+u/lchen6/gpu_logs/0441_new_training_gpu_samples100_din32768_dout32768_read4194304_write4194304.log
2,442,0,new_training,gpu,100,32768,32768,8388608,8388608,13.376627097837627,11.98641324043274,1.7793500423431396,9.595321893692017,73.55172413793103,100.0,1.3991379310344827,1.41,0,/direct/sdcc+u/lchen6/gpu_logs/0442_new_training_gpu_samples100_din32768_dout32768_read8388608_write8388608.log
2,443,0,new_training,gpu,100,32768,32768,16777216,16777216,13.401561352424324,11.976276159286499,1.7804548740386963,9.615626811981201,72.56818181818181,100.0,1.41,1.41,0,/direct/sdcc+u/lchen6/gpu_logs/0443_new_training_gpu_samples100_din32768_dout32768_read16777216_write16777216.log
2,444,0,new_training,gpu,100,32768,32768,33554432,33554432,13.357510211877525,11.96119236946106,1.7613019943237305,9.599002599716187,73.23863636363636,100.0,1.4023295454545455,1.41,0,/direct/sdcc+u/lchen6/gpu_logs/0444_new_training_gpu_samples100_din32768_dout32768_read33554432_write33554432.log
2,445,0,new_training,gpu,100,32768,32768,67108864,67108864,13.553982368670404,12.037914752960205,1.7579360008239746,9.611528158187866,71.8314606741573,100.0,1.4024157303370788,1.41,0,/direct/sdcc+u/lchen6/gpu_logs/0445_new_training_gpu_samples100_din32768_dout32768_read67108864_write67108864.log
2,446,0,new_training,gpu,100,32768,32768,134217728,134217728,13.499034983105958,12.113505840301514,1.7714643478393555,9.601814031600952,71.61363636363636,100.0,1.41,1.41,0,/direct/sdcc+u/lchen6/gpu_logs/0446_new_training_gpu_samples100_din32768_dout32768_read134217728_write134217728.log
2,447,0,new_training,gpu,100,32768,32768,268435456,268435456,13.73191801365465,12.260930299758911,1.7602581977844238,9.598037958145142,71.67777777777778,100.0,1.398,1.41,0,/direct/sdcc+u/lchen6/gpu_logs/0447_new_training_gpu_samples100_din32768_dout32768_read268435456_write268435456.log
2,448,0,new_training,gpu,100,32768,32768,536870912,536870912,14.06020768173039,12.608033895492554,1.7717998027801514,9.602012157440186,69.46739130434783,100.0,1.3997282608695651,1.41,0,/direct/sdcc+u/lchen6/gpu_logs/0448_new_training_gpu_samples100_din32768_dout32768_read536870912_write536870912.log
3,449,0,new_agent,gpu,100,4,4,4194304,4194304,1.1968182688578963,0.4238607883453369,0.0030202865600585938,,32.125,100.0,1.41,1.41,0,/direct/sdcc+u/lchen6/gpu_logs/0449_new_agent_gpu_samples100_din4_dout4_read4194304_write4194304.log
3,450,0,new_agent,gpu,100,4,4,8388608,8388608,1.2140331659466028,0.4301164150238037,0.002398967742919922,,1.625,6.0,1.359375,1.41,0,/direct/sdcc+u/lchen6/gpu_logs/0450_new_agent_gpu_samples100_din4_dout4_read8388608_write8388608.log
3,451,0,new_agent,gpu,100,4,4,16777216,16777216,1.3279650434851646,0.44769811630249023,0.003081083297729492,,1.6666666666666667,6.0,1.275,1.275,0,/direct/sdcc+u/lchen6/gpu_logs/0451_new_agent_gpu_samples100_din4_dout4_read16777216_write16777216.log
3,452,0,new_agent,gpu,100,4,4,33554432,33554432,1.3190956255421042,0.46198511123657227,0.002370119094848633,,1.3333333333333333,6.0,1.335,1.41,0,/direct/sdcc+u/lchen6/gpu_logs/0452_new_agent_gpu_samples100_din4_dout4_read33554432_write33554432.log
3,453,0,new_agent,gpu,100,4,4,67108864,67108864,1.3550602486357093,0.48914337158203125,0.0024368762969970703,,2.0,6.0,1.41,1.41,0,/direct/sdcc+u/lchen6/gpu_logs/0453_new_agent_gpu_samples100_din4_dout4_read67108864_write67108864.log
3,454,0,new_agent,gpu,100,4,4,134217728,134217728,1.4561628438532352,0.5906875133514404,0.0024261474609375,,1.9,5.0,1.2765,1.29,0,/direct/sdcc+u/lchen6/gpu_logs/0454_new_agent_gpu_samples100_din4_dout4_read134217728_write134217728.log
3,455,0,new_agent,gpu,100,4,4,268435456,268435456,1.6341575728729367,0.744412899017334,0.0023698806762695312,,1.5454545454545454,6.0,1.275,1.275,0,/direct/sdcc+u/lchen6/gpu_logs/0455_new_agent_gpu_samples100_din4_dout4_read268435456_write268435456.log
3,456,0,new_agent,gpu,100,4,4,536870912,536870912,1.9931794609874487,1.088951587677002,0.0023469924926757812,,0.9285714285714286,6.0,1.275,1.275,0,/direct/sdcc+u/lchen6/gpu_logs/0456_new_agent_gpu_samples100_din4_dout4_read536870912_write536870912.log
3,457,0,new_agent,gpu,100,8,8,4194304,4194304,1.324497583322227,0.43889617919921875,0.0023810863494873047,,1.4444444444444444,6.0,1.275,1.275,0,/direct/sdcc+u/lchen6/gpu_logs/0457_new_agent_gpu_samples100_din8_dout8_read4194304_write4194304.log
3,458,0,new_agent,gpu,100,8,8,8388608,8388608,1.3190091587603092,0.44521212577819824,0.0023763179779052734,,2.111111111111111,7.0,1.275,1.275,0,/direct/sdcc+u/lchen6/gpu_logs/0458_new_agent_gpu_samples100_din8_dout8_read8388608_write8388608.log
3,459,0,new_agent,gpu,100,8,8,16777216,16777216,1.2716547958552837,0.4519336223602295,0.00240325927734375,,1.375,6.0,1.275,1.275,0,/direct/sdcc+u/lchen6/gpu_logs/0459_new_agent_gpu_samples100_din8_dout8_read16777216_write16777216.log
3,460,0,new_agent,gpu,100,8,8,33554432,33554432,1.3504885025322437,0.4703693389892578,0.0023698806762695312,,1.6666666666666667,6.0,1.275,1.275,0,/direct/sdcc+u/lchen6/gpu_logs/0460_new_agent_gpu_samples100_din8_dout8_read33554432_write33554432.log
3,461,0,new_agent,gpu,100,8,8,67108864,67108864,1.3780074836686254,0.5014224052429199,0.002411365509033203,,1.3333333333333333,6.0,1.32,1.41,0,/direct/sdcc+u/lchen6/gpu_logs/0461_new_agent_gpu_samples100_din8_dout8_read67108864_write67108864.log
3,462,0,new_agent,gpu,100,8,8,134217728,134217728,1.454893073067069,0.5815122127532959,0.0023980140686035156,,1.4,6.0,1.3965,1.41,0,/direct/sdcc+u/lchen6/gpu_logs/0462_new_agent_gpu_samples100_din8_dout8_read134217728_write134217728.log
3,463,0,new_agent,gpu,100,8,8,268435456,268435456,1.6271235523745418,0.7563681602478027,0.002436399459838867,,1.9090909090909092,6.0,1.315909090909091,1.365,0,/direct/sdcc+u/lchen6/gpu_logs/0463_new_agent_gpu_samples100_din8_dout8_read268435456_write268435456.log
3,464,0,new_agent,gpu,100,8,8,536870912,536870912,1.8911593472585082,1.064648151397705,0.0031118392944335938,,1.2307692307692308,6.0,1.3234615384615385,1.365,0,/direct/sdcc+u/lchen6/gpu_logs/0464_new_agent_gpu_samples100_din8_dout8_read536870912_write536870912.log
3,465,0,new_agent,gpu,100,16,16,4194304,4194304,1.221062128432095,0.4350442886352539,0.0024421215057373047,,1.375,6.0,1.275,1.275,0,/direct/sdcc+u/lchen6/gpu_logs/0465_new_agent_gpu_samples100_din16_dout16_read4194304_write4194304.log
3,466,0,new_agent,gpu,100,16,16,8388608,8388608,1.2211684519425035,0.44483304023742676,0.002420663833618164,,1.75,7.0,1.275,1.275,0,/direct/sdcc+u/lchen6/gpu_logs/0466_new_agent_gpu_samples100_din16_dout16_read8388608_write8388608.log
3,467,0,new_agent,gpu,100,16,16,16777216,16777216,1.324305742047727,0.44669008255004883,0.00247955322265625,,1.7777777777777777,7.0,1.275,1.275,0,/direct/sdcc+u/lchen6/gpu_logs/0467_new_agent_gpu_samples100_din16_dout16_read16777216_write16777216.log
3,468,0,new_agent,gpu,100,16,16,33554432,33554432,1.3422030042856932,0.4691812992095947,0.0024309158325195312,,1.6666666666666667,7.0,1.275,1.275,0,/direct/sdcc+u/lchen6/gpu_logs/0468_new_agent_gpu_samples100_din16_dout16_read33554432_write33554432.log
3,469,0,new_agent,gpu,100,16,16,67108864,67108864,1.3730322439223528,0.5056958198547363,0.0024652481079101562,,2.0,7.0,1.31,1.38,0,/direct/sdcc+u/lchen6/gpu_logs/0469_new_agent_gpu_samples100_din16_dout16_read67108864_write67108864.log
3,470,0,new_agent,gpu,100,16,16,134217728,134217728,1.467152051627636,0.5851404666900635,0.0024492740631103516,,2.0,6.0,1.3695,1.38,0,/direct/sdcc+u/lchen6/gpu_logs/0470_new_agent_gpu_samples100_din16_dout16_read134217728_write134217728.log
3,471,0,new_agent,gpu,100,16,16,268435456,268435456,1.6350428434088826,0.75966477394104,0.0023882389068603516,,1.0909090909090908,7.0,1.275,1.275,0,/direct/sdcc+u/lchen6/gpu_logs/0471_new_agent_gpu_samples100_din16_dout16_read268435456_write268435456.log
3,472,0,new_agent,gpu,100,16,16,536870912,536870912,1.9450642624869943,1.105790376663208,0.0024178028106689453,,1.0769230769230769,7.0,1.275,1.275,0,/direct/sdcc+u/lchen6/gpu_logs/0472_new_agent_gpu_samples100_din16_dout16_read536870912_write536870912.log
3,473,0,new_agent,gpu,100,32,32,4194304,4194304,1.343021267093718,0.43787550926208496,0.0023958683013916016,,1.7777777777777777,5.0,1.315,1.365,0,/direct/sdcc+u/lchen6/gpu_logs/0473_new_agent_gpu_samples100_din32_dout32_read4194304_write4194304.log
3,474,0,new_agent,gpu,100,32,32,8388608,8388608,1.2190339220687747,0.4328644275665283,0.002439260482788086,,1.875,6.0,1.365,1.365,0,/direct/sdcc+u/lchen6/gpu_logs/0474_new_agent_gpu_samples100_din32_dout32_read8388608_write8388608.log
3,475,0,new_agent,gpu,100,32,32,16777216,16777216,1.3279983224347234,0.44872498512268066,0.002425670623779297,,1.6666666666666667,6.0,1.285,1.365,0,/direct/sdcc+u/lchen6/gpu_logs/0475_new_agent_gpu_samples100_din32_dout32_read16777216_write16777216.log
3,476,0,new_agent,gpu,100,32,32,33554432,33554432,1.3490672651678324,0.4744448661804199,0.0024619102478027344,,1.8888888888888888,6.0,1.275,1.275,0,/direct/sdcc+u/lchen6/gpu_logs/0476_new_agent_gpu_samples100_din32_dout32_read33554432_write33554432.log
3,477,0,new_agent,gpu,100,32,32,67108864,67108864,1.3811994483694434,0.5087642669677734,0.0024611949920654297,,2.111111111111111,7.0,1.275,1.275,0,/direct/sdcc+u/lchen6/gpu_logs/0477_new_agent_gpu_samples100_din32_dout32_read67108864_write67108864.log
3,478,0,new_agent,gpu,100,32,32,134217728,134217728,1.4528075009584427,0.587618350982666,0.002444028854370117,,1.3,7.0,1.323,1.395,0,/direct/sdcc+u/lchen6/gpu_logs/0478_new_agent_gpu_samples100_din32_dout32_read134217728_write134217728.log
3,479,0,new_agent,gpu,100,32,32,268435456,268435456,1.6269693588837981,0.7429347038269043,0.0024306774139404297,,0.9090909090909091,6.0,1.3622727272727273,1.395,0,/direct/sdcc+u/lchen6/gpu_logs/0479_new_agent_gpu_samples100_din32_dout32_read268435456_write268435456.log
3,480,0,new_agent,gpu,100,32,32,536870912,536870912,2.0482488060370088,1.0888195037841797,0.002454042434692383,,1.0714285714285714,7.0,1.275,1.275,0,/direct/sdcc+u/lchen6/gpu_logs/0480_new_agent_gpu_samples100_din32_dout32_read536870912_write536870912.log
3,481,0,new_agent,gpu,100,64,64,4194304,4194304,1.2110402267426252,0.4366734027862549,0.0025207996368408203,,1.125,6.0,1.275,1.275,0,/direct/sdcc+u/lchen6/gpu_logs/0481_new_agent_gpu_samples100_din64_dout64_read4194304_write4194304.log
3,482,0,new_agent,gpu,100,64,64,8388608,8388608,1.2351885559037328,0.4390885829925537,0.0024733543395996094,,1.625,6.0,1.275,1.275,0,/direct/sdcc+u/lchen6/gpu_logs/0482_new_agent_gpu_samples100_din64_dout64_read8388608_write8388608.log
3,483,0,new_agent,gpu,100,64,64,16777216,16777216,1.2158077973872423,0.44068002700805664,0.002524137496948242,,2.375,7.0,1.275,1.275,0,/direct/sdcc+u/lchen6/gpu_logs/0483_new_agent_gpu_samples100_din64_dout64_read16777216_write16777216.log
3,484,0,new_agent,gpu,100,64,64,33554432,33554432,1.3659114493057132,0.4734969139099121,0.0024552345275878906,,2.2222222222222223,7.0,1.32,1.41,0,/direct/sdcc+u/lchen6/gpu_logs/0484_new_agent_gpu_samples100_din64_dout64_read33554432_write33554432.log
3,485,0,new_agent,gpu,100,64,64,67108864,67108864,1.3670437829568982,0.4984095096588135,0.002526998519897461,,1.8888888888888888,6.0,1.41,1.41,0,/direct/sdcc+u/lchen6/gpu_logs/0485_new_agent_gpu_samples100_din64_dout64_read67108864_write67108864.log
3,486,0,new_agent,gpu,100,64,64,134217728,134217728,1.4694885490462184,0.5993514060974121,0.002486705780029297,,1.3,6.0,1.275,1.275,0,/direct/sdcc+u/lchen6/gpu_logs/0486_new_agent_gpu_samples100_din64_dout64_read134217728_write134217728.log
3,487,0,new_agent,gpu,100,64,64,268435456,268435456,1.6461891112849116,0.7637875080108643,0.0024950504302978516,,1.7272727272727273,6.0,1.275,1.275,0,/direct/sdcc+u/lchen6/gpu_logs/0487_new_agent_gpu_samples100_din64_dout64_read268435456_write268435456.log
3,488,0,new_agent,gpu,100,64,64,536870912,536870912,1.9131034398451447,1.0903568267822266,0.002489328384399414,,1.2307692307692308,6.0,1.3303846153846155,1.365,0,/direct/sdcc+u/lchen6/gpu_logs/0488_new_agent_gpu_samples100_din64_dout64_read536870912_write536870912.log
3,489,0,new_agent,gpu,100,128,128,4194304,4194304,1.2319654487073421,0.43053364753723145,0.0025191307067871094,,1.875,6.0,1.33125,1.365,0,/direct/sdcc+u/lchen6/gpu_logs/0489_new_agent_gpu_samples100_din128_dout128_read4194304_write4194304.log
3,490,0,new_agent,gpu,100,128,128,8388608,8388608,1.2341265194118023,0.4398164749145508,0.0025742053985595703,,2.25,6.0,1.275,1.275,0,/direct/sdcc+u/lchen6/gpu_logs/0490_new_agent_gpu_samples100_din128_dout128_read8388608_write8388608.log
3,491,0,new_agent,gpu,100,128,128,16777216,16777216,1.3440720355138183,0.4520909786224365,0.0025107860565185547,,1.8888888888888888,7.0,1.275,1.275,0,/direct/sdcc+u/lchen6/gpu_logs/0491_new_agent_gpu_samples100_din128_dout128_read16777216_write16777216.log
3,492,0,new_agent,gpu,100,128,128,33554432,33554432,1.3610530998557806,0.47510600090026855,0.00251007080078125,,1.5555555555555556,6.0,1.275,1.275,0,/direct/sdcc+u/lchen6/gpu_logs/0492_new_agent_gpu_samples100_din128_dout128_read33554432_write33554432.log
3,493,0,new_agent,gpu,100,128,128,67108864,67108864,1.3879971485584974,0.5199766159057617,0.0025720596313476562,,2.2222222222222223,7.0,1.275,1.275,0,/direct/sdcc+u/lchen6/gpu_logs/0493_new_agent_gpu_samples100_din128_dout128_read67108864_write67108864.log
3,494,0,new_agent,gpu,100,128,128,134217728,134217728,1.4719988675788045,0.5926151275634766,0.002542734146118164,,2.1,7.0,1.275,1.275,0,/direct/sdcc+u/lchen6/gpu_logs/0494_new_agent_gpu_samples100_din128_dout128_read134217728_write134217728.log
3,495,0,new_agent,gpu,100,128,128,268435456,268435456,1.6460095783695579,0.7576155662536621,0.0025136470794677734,,1.5454545454545454,6.0,1.275,1.275,0,/direct/sdcc+u/lchen6/gpu_logs/0495_new_agent_gpu_samples100_din128_dout128_read268435456_write268435456.log
3,496,0,new_agent,gpu,100,128,128,536870912,536870912,2.012063858099282,1.1176905632019043,0.0025594234466552734,,0.7142857142857143,6.0,1.3275,1.38,0,/direct/sdcc+u/lchen6/gpu_logs/0496_new_agent_gpu_samples100_din128_dout128_read536870912_write536870912.log
3,497,0,new_agent,gpu,100,256,256,4194304,4194304,1.2221094407141209,0.4422645568847656,0.002685546875,,1.5,6.0,1.340625,1.38,0,/direct/sdcc+u/lchen6/gpu_logs/0497_new_agent_gpu_samples100_din256_dout256_read4194304_write4194304.log
3,498,0,new_agent,gpu,100,256,256,8388608,8388608,1.240087078884244,0.4503006935119629,0.0027625560760498047,,1.875,7.0,1.275,1.275,0,/direct/sdcc+u/lchen6/gpu_logs/0498_new_agent_gpu_samples100_din256_dout256_read8388608_write8388608.log
3,499,0,new_agent,gpu,100,256,256,16777216,16777216,1.307004007510841,0.4459953308105469,0.008017301559448242,,2.5555555555555554,7.0,1.315,1.395,0,/direct/sdcc+u/lchen6/gpu_logs/0499_new_agent_gpu_samples100_din256_dout256_read16777216_write16777216.log
3,500,0,new_agent,gpu,100,256,256,33554432,33554432,1.2381532602012157,0.4506089687347412,0.0027222633361816406,,1.5,5.0,1.395,1.395,0,/direct/sdcc+u/lchen6/gpu_logs/0500_new_agent_gpu_samples100_din256_dout256_read33554432_write33554432.log
3,501,0,new_agent,gpu,100,256,256,67108864,67108864,1.37610721308738,0.5133814811706543,0.0026934146881103516,,2.0,6.0,1.2883333333333333,1.395,0,/direct/sdcc+u/lchen6/gpu_logs/0501_new_agent_gpu_samples100_din256_dout256_read67108864_write67108864.log
3,502,0,new_agent,gpu,100,256,256,134217728,134217728,1.4781468845903873,0.598992109298706,0.0026776790618896484,,1.5,6.0,1.275,1.275,0,/direct/sdcc+u/lchen6/gpu_logs/0502_new_agent_gpu_samples100_din256_dout256_read134217728_write134217728.log
3,503,0,new_agent,gpu,100,256,256,268435456,268435456,1.6601237431168556,0.7716424465179443,0.0027039051055908203,,1.5454545454545454,6.0,1.275,1.275,0,/direct/sdcc+u/lchen6/gpu_logs/0503_new_agent_gpu_samples100_din256_dout256_read268435456_write268435456.log
3,504,0,new_agent,gpu,100,256,256,536870912,536870912,1.8948426926508546,1.0894505977630615,0.002681732177734375,,1.2307692307692308,7.0,1.2934615384615387,1.305,0,/direct/sdcc+u/lchen6/gpu_logs/0504_new_agent_gpu_samples100_din256_dout256_read536870912_write536870912.log
3,505,0,new_agent,gpu,100,512,512,4194304,4194304,1.2285049855709076,0.44715332984924316,0.0029833316802978516,,1.625,6.0,1.29375,1.305,0,/direct/sdcc+u/lchen6/gpu_logs/0505_new_agent_gpu_samples100_din512_dout512_read4194304_write4194304.log
3,506,0,new_agent,gpu,100,512,512,8388608,8388608,1.3401819122955203,0.4452660083770752,0.0029518604278564453,,2.7777777777777777,7.0,1.275,1.275,0,/direct/sdcc+u/lchen6/gpu_logs/0506_new_agent_gpu_samples100_din512_dout512_read8388608_write8388608.log
3,507,0,new_agent,gpu,100,512,512,16777216,16777216,1.3430594895035028,0.4581294059753418,0.002947092056274414,,1.8888888888888888,7.0,1.275,1.275,0,/direct/sdcc+u/lchen6/gpu_logs/0507_new_agent_gpu_samples100_din512_dout512_read16777216_write16777216.log
3,508,0,new_agent,gpu,100,512,512,33554432,33554432,1.340960486792028,0.4788393974304199,0.002950429916381836,,1.0,6.0,1.305,1.365,0,/direct/sdcc+u/lchen6/gpu_logs/0508_new_agent_gpu_samples100_din512_dout512_read33554432_write33554432.log
3,509,0,new_agent,gpu,100,512,512,67108864,67108864,1.3819337142631412,0.5047397613525391,0.0030546188354492188,,2.111111111111111,6.0,1.365,1.365,0,/direct/sdcc+u/lchen6/gpu_logs/0509_new_agent_gpu_samples100_din512_dout512_read67108864_write67108864.log
3,510,0,new_agent,gpu,100,512,512,134217728,134217728,1.5461735324934125,0.599229097366333,0.008039236068725586,,1.0909090909090908,6.0,1.3186363636363638,1.395,0,/direct/sdcc+u/lchen6/gpu_logs/0510_new_agent_gpu_samples100_din512_dout512_read134217728_write134217728.log
3,511,0,new_agent,gpu,100,512,512,268435456,268435456,1.6388935735449195,0.7341313362121582,0.0029909610748291016,,1.1818181818181819,6.0,1.3622727272727273,1.395,0,/direct/sdcc+u/lchen6/gpu_logs/0511_new_agent_gpu_samples100_din512_dout512_read268435456_write268435456.log
3,512,0,new_agent,gpu,100,512,512,536870912,536870912,1.8902598060667515,1.0861763954162598,0.0029942989349365234,,1.2307692307692308,6.0,1.275,1.275,0,/direct/sdcc+u/lchen6/gpu_logs/0512_new_agent_gpu_samples100_din512_dout512_read536870912_write536870912.log
3,513,0,new_agent,gpu,100,1024,1024,4194304,4194304,1.2399783758446574,0.44188928604125977,0.005334138870239258,,1.75,7.0,1.29375,1.35,0,/direct/sdcc+u/lchen6/gpu_logs/0513_new_agent_gpu_samples100_din1024_dout1024_read4194304_write4194304.log
3,514,0,new_agent,gpu,100,1024,1024,8388608,8388608,1.2211313266307116,0.4468655586242676,0.005501508712768555,,2.625,7.0,1.365,1.41,0,/direct/sdcc+u/lchen6/gpu_logs/0514_new_agent_gpu_samples100_din1024_dout1024_read8388608_write8388608.log
3,515,0,new_agent,gpu,100,1024,1024,16777216,16777216,1.3221558136865497,0.4550650119781494,0.005378007888793945,,2.5555555555555554,7.0,1.41,1.41,0,/direct/sdcc+u/lchen6/gpu_logs/0515_new_agent_gpu_samples100_din1024_dout1024_read16777216_write16777216.log
3,516,0,new_agent,gpu,100,1024,1024,33554432,33554432,1.2482951134443283,0.4873502254486084,0.005429506301879883,,2.625,6.0,1.41,1.41,0,/direct/sdcc+u/lchen6/gpu_logs/0516_new_agent_gpu_samples100_din1024_dout1024_read33554432_write33554432.log
3,517,0,new_agent,gpu,100,1024,1024,67108864,67108864,1.4030081322416663,0.5321052074432373,0.0053997039794921875,,2.6666666666666665,6.0,1.295,1.32,0,/direct/sdcc+u/lchen6/gpu_logs/0517_new_agent_gpu_samples100_din1024_dout1024_read67108864_write67108864.log
3,518,0,new_agent,gpu,100,1024,1024,134217728,134217728,1.469207084737718,0.5994613170623779,0.005364656448364258,,1.8,7.0,1.35,1.395,0,/direct/sdcc+u/lchen6/gpu_logs/0518_new_agent_gpu_samples100_din1024_dout1024_read134217728_write134217728.log
3,519,0,new_agent,gpu,100,1024,1024,268435456,268435456,1.6510337460786104,0.7555806636810303,0.005297422409057617,,2.3636363636363638,6.0,1.3622727272727273,1.395,0,/direct/sdcc+u/lchen6/gpu_logs/0519_new_agent_gpu_samples100_din1024_dout1024_read268435456_write268435456.log
3,520,0,new_agent,gpu,100,1024,1024,536870912,536870912,1.911111893132329,1.100813388824463,0.005358695983886719,,1.7692307692307692,6.0,1.275,1.275,0,/direct/sdcc+u/lchen6/gpu_logs/0520_new_agent_gpu_samples100_din1024_dout1024_read536870912_write536870912.log
3,521,0,new_agent,gpu,100,2048,2048,4194304,4194304,1.333794361911714,0.4467642307281494,0.010524272918701172,,2.888888888888889,8.0,1.3216666666666668,1.38,0,/direct/sdcc+u/lchen6/gpu_logs/0521_new_agent_gpu_samples100_din2048_dout2048_read4194304_write4194304.log
3,522,0,new_agent,gpu,100,2048,2048,8388608,8388608,1.334015534259379,0.44583582878112793,0.010400772094726562,,4.222222222222222,13.0,1.38,1.38,0,/direct/sdcc+u/lchen6/gpu_logs/0522_new_agent_gpu_samples100_din2048_dout2048_read8388608_write8388608.log
3,523,0,new_agent,gpu,100,2048,2048,16777216,16777216,1.3620344130322337,0.47841501235961914,0.010436773300170898,,3.3333333333333335,13.0,1.2783333333333333,1.305,0,/direct/sdcc+u/lchen6/gpu_logs/0523_new_agent_gpu_samples100_din2048_dout2048_read16777216_write16777216.log
3,524,0,new_agent,gpu,100,2048,2048,33554432,33554432,1.3730137776583433,0.48346781730651855,0.010395526885986328,,4.0,13.0,1.28,1.29,0,/direct/sdcc+u/lchen6/gpu_logs/0524_new_agent_gpu_samples100_din2048_dout2048_read33554432_write33554432.log
3,525,0,new_agent,gpu,100,2048,2048,67108864,67108864,1.3451882554218173,0.5375642776489258,0.0104522705078125,,3.3333333333333335,13.0,1.32,1.38,0,/direct/sdcc+u/lchen6/gpu_logs/0525_new_agent_gpu_samples100_din2048_dout2048_read67108864_write67108864.log
3,526,0,new_agent,gpu,100,2048,2048,134217728,134217728,1.4741235319525003,0.5919013023376465,0.01046133041381836,,3.3,12.0,1.3695,1.38,0,/direct/sdcc+u/lchen6/gpu_logs/0526_new_agent_gpu_samples100_din2048_dout2048_read134217728_write134217728.log
3,527,0,new_agent,gpu,100,2048,2048,268435456,268435456,1.6377654019743204,0.7665457725524902,0.01046609878540039,,3.090909090909091,12.0,1.3295454545454546,1.395,0,/direct/sdcc+u/lchen6/gpu_logs/0527_new_agent_gpu_samples100_din2048_dout2048_read268435456_write268435456.log
3,528,0,new_agent,gpu,100,2048,2048,536870912,536870912,1.8932671025395393,1.092972993850708,0.010523796081542969,,2.8461538461538463,8.0,1.403076923076923,1.41,0,/direct/sdcc+u/lchen6/gpu_logs/0528_new_agent_gpu_samples100_din2048_dout2048_read536870912_write536870912.log
3,529,0,new_agent,gpu,100,4096,4096,4194304,4194304,1.3339623156934977,0.48674917221069336,0.040543317794799805,,5.444444444444445,37.0,1.35,1.41,0,/direct/sdcc+u/lchen6/gpu_logs/0529_new_agent_gpu_samples100_din4096_dout4096_read4194304_write4194304.log
3,530,0,new_agent,gpu,100,4096,4096,8388608,8388608,1.3911971123889089,0.4892733097076416,0.03970193862915039,,7.666666666666667,42.0,1.295,1.365,0,/direct/sdcc+u/lchen6/gpu_logs/0530_new_agent_gpu_samples100_din4096_dout4096_read8388608_write8388608.log
3,531,0,new_agent,gpu,100,4096,4096,16777216,16777216,1.3806566605344415,0.4957711696624756,0.040387630462646484,,7.0,41.0,1.37,1.41,0,/direct/sdcc+u/lchen6/gpu_logs/0531_new_agent_gpu_samples100_din4096_dout4096_read16777216_write16777216.log
3,532,0,new_agent,gpu,100,4096,4096,33554432,33554432,1.3784419931471348,0.49622344970703125,0.0441136360168457,,6.666666666666667,23.0,1.41,1.41,0,/direct/sdcc+u/lchen6/gpu_logs/0532_new_agent_gpu_samples100_din4096_dout4096_read33554432_write33554432.log
3,533,0,new_agent,gpu,100,4096,4096,67108864,67108864,1.322162394411862,0.54947829246521,0.04023146629333496,,7.333333333333333,24.0,1.41,1.41,0,/direct/sdcc+u/lchen6/gpu_logs/0533_new_agent_gpu_samples100_din4096_dout4096_read67108864_write67108864.log
3,534,0,new_agent,gpu,100,4096,4096,134217728,134217728,1.4822145458310843,0.6482892036437988,0.04160642623901367,,7.8,43.0,1.293,1.365,0,/direct/sdcc+u/lchen6/gpu_logs/0534_new_agent_gpu_samples100_din4096_dout4096_read134217728_write134217728.log
3,535,0,new_agent,gpu,100,4096,4096,268435456,268435456,1.6120563028380275,0.798048734664917,0.03977060317993164,,8.272727272727273,27.0,1.3568181818181817,1.365,0,/direct/sdcc+u/lchen6/gpu_logs/0535_new_agent_gpu_samples100_din4096_dout4096_read268435456_write268435456.log
3,536,0,new_agent,gpu,100,4096,4096,536870912,536870912,2.068072473630309,1.1445248126983643,0.04120826721191406,,6.928571428571429,31.0,1.275,1.275,0,/direct/sdcc+u/lchen6/gpu_logs/0536_new_agent_gpu_samples100_din4096_dout4096_read536870912_write536870912.log
3,537,0,new_agent,gpu,100,8192,8192,4194304,4194304,1.729512955993414,0.6067080497741699,0.17021799087524414,,18.75,99.0,1.2975,1.41,0,/direct/sdcc+u/lchen6/gpu_logs/0537_new_agent_gpu_samples100_din8192_dout8192_read4194304_write4194304.log
3,538,0,new_agent,gpu,100,8192,8192,8388608,8388608,1.6997074987739325,0.5968129634857178,0.16829633712768555,,20.636363636363637,88.0,1.41,1.41,0,/direct/sdcc+u/lchen6/gpu_logs/0538_new_agent_gpu_samples100_din8192_dout8192_read8388608_write8388608.log
3,539,0,new_agent,gpu,100,8192,8192,16777216,16777216,1.698910241946578,0.6050262451171875,0.16761541366577148,,20.363636363636363,100.0,1.41,1.41,0,/direct/sdcc+u/lchen6/gpu_logs/0539_new_agent_gpu_samples100_din8192_dout8192_read16777216_write16777216.log
3,540,0,new_agent,gpu,100,8192,8192,33554432,33554432,1.6949503123760223,0.6223881244659424,0.1682584285736084,,13.090909090909092,97.0,1.41,1.41,0,/direct/sdcc+u/lchen6/gpu_logs/0540_new_agent_gpu_samples100_din8192_dout8192_read33554432_write33554432.log
3,541,0,new_agent,gpu,100,8192,8192,67108864,67108864,1.7031421093270183,0.670058012008667,0.16685914993286133,,20.272727272727273,96.0,1.41,1.41,0,/direct/sdcc+u/lchen6/gpu_logs/0541_new_agent_gpu_samples100_din8192_dout8192_read67108864_write67108864.log
3,542,0,new_agent,gpu,100,8192,8192,134217728,134217728,1.6745204655453563,0.7478561401367188,0.1758716106414795,,13.181818181818182,100.0,1.41,1.41,0,/direct/sdcc+u/lchen6/gpu_logs/0542_new_agent_gpu_samples100_din8192_dout8192_read134217728_write134217728.log
3,543,0,new_agent,gpu,100,8192,8192,268435456,268435456,1.8245124761015177,0.9111061096191406,0.16777968406677246,,23.416666666666668,76.0,1.41,1.41,0,/direct/sdcc+u/lchen6/gpu_logs/0543_new_agent_gpu_samples100_din8192_dout8192_read268435456_write268435456.log
3,544,0,new_agent,gpu,100,8192,8192,536870912,536870912,2.1682887449860573,1.2287511825561523,0.15610194206237793,,16.733333333333334,77.0,1.41,1.41,0,/direct/sdcc+u/lchen6/gpu_logs/0544_new_agent_gpu_samples100_din8192_dout8192_read536870912_write536870912.log
3,545,0,new_agent,gpu,100,16384,16384,4194304,4194304,2.9450645986944437,1.0247998237609863,0.4875068664550781,,38.8421052631579,100.0,1.3886842105263157,1.41,0,/direct/sdcc+u/lchen6/gpu_logs/0545_new_agent_gpu_samples100_din16384_dout16384_read4194304_write4194304.log
3,546,0,new_agent,gpu,100,16384,16384,8388608,8388608,2.947029948234558,1.0421020984649658,0.4944450855255127,,41.0,100.0,1.4028947368421052,1.41,0,/direct/sdcc+u/lchen6/gpu_logs/0546_new_agent_gpu_samples100_din16384_dout16384_read8388608_write8388608.log
3,547,0,new_agent,gpu,100,16384,16384,16777216,16777216,2.9589159516617656,1.0390777587890625,0.49420809745788574,,41.31578947368421,100.0,1.41,1.41,0,/direct/sdcc+u/lchen6/gpu_logs/0547_new_agent_gpu_samples100_din16384_dout16384_read16777216_write16777216.log
3,548,0,new_agent,gpu,100,16384,16384,33554432,33554432,2.953996678814292,1.063985824584961,0.4770994186401367,,44.526315789473685,100.0,1.41,1.41,0,/direct/sdcc+u/lchen6/gpu_logs/0548_new_agent_gpu_samples100_din16384_dout16384_read33554432_write33554432.log
3,549,0,new_agent,gpu,100,16384,16384,67108864,67108864,2.9488960541784763,1.0887081623077393,0.4850618839263916,,44.1,100.0,1.41,1.41,0,/direct/sdcc+u/lchen6/gpu_logs/0549_new_agent_gpu_samples100_din16384_dout16384_read67108864_write67108864.log
3,550,0,new_agent,gpu,100,16384,16384,134217728,134217728,2.959148964844644,1.178391456604004,0.4870767593383789,,42.3,100.0,1.41,1.41,0,/direct/sdcc+u/lchen6/gpu_logs/0550_new_agent_gpu_samples100_din16384_dout16384_read134217728_write134217728.log
3,551,0,new_agent,gpu,100,16384,16384,268435456,268435456,2.961029564961791,1.3439769744873047,0.5008242130279541,,45.6,100.0,1.41,1.41,0,/direct/sdcc+u/lchen6/gpu_logs/0551_new_agent_gpu_samples100_din16384_dout16384_read268435456_write268435456.log
3,552,0,new_agent,gpu,100,16384,16384,536870912,536870912,2.972911280579865,1.6834964752197266,0.48507189750671387,,44.3,100.0,1.41,1.41,0,/direct/sdcc+u/lchen6/gpu_logs/0552_new_agent_gpu_samples100_din16384_dout16384_read536870912_write536870912.log
3,553,0,new_agent,gpu,100,32768,32768,4194304,4194304,8.056101537309587,3.026949405670166,1.7419183254241943,,65.0754716981132,100.0,1.3896226415094342,1.41,0,/direct/sdcc+u/lchen6/gpu_logs/0553_new_agent_gpu_samples100_din32768_dout32768_read4194304_write4194304.log
3,554,0,new_agent,gpu,100,32768,32768,8388608,8388608,8.074930061586201,3.038008213043213,1.7568001747131348,,66.35849056603773,100.0,1.3972641509433963,1.41,0,/direct/sdcc+u/lchen6/gpu_logs/0554_new_agent_gpu_samples100_din32768_dout32768_read8388608_write8388608.log
3,555,0,new_agent,gpu,100,32768,32768,16777216,16777216,8.052688107825816,3.0551626682281494,1.7350001335144043,,68.13461538461539,100.0,1.394423076923077,1.41,0,/direct/sdcc+u/lchen6/gpu_logs/0555_new_agent_gpu_samples100_din32768_dout32768_read16777216_write16777216.log
3,556,0,new_agent,gpu,100,32768,32768,33554432,33554432,8.131227352656424,3.0672764778137207,1.7538425922393799,,65.47169811320755,100.0,1.41,1.41,0,/direct/sdcc+u/lchen6/gpu_logs/0556_new_agent_gpu_samples100_din32768_dout32768_read33554432_write33554432.log
3,557,0,new_agent,gpu,100,32768,32768,67108864,67108864,8.043061410076916,3.0968174934387207,1.7396199703216553,,64.67924528301887,100.0,1.3972641509433963,1.41,0,/direct/sdcc+u/lchen6/gpu_logs/0557_new_agent_gpu_samples100_din32768_dout32768_read67108864_write67108864.log
3,558,0,new_agent,gpu,100,32768,32768,134217728,134217728,8.054994830861688,3.1920154094696045,1.7423808574676514,,64.30188679245283,100.0,1.3947169811320754,1.41,0,/direct/sdcc+u/lchen6/gpu_logs/0558_new_agent_gpu_samples100_din32768_dout32768_read134217728_write134217728.log
3,559,0,new_agent,gpu,100,32768,32768,268435456,268435456,8.045914834365249,3.3459792137145996,1.7589325904846191,,65.86792452830188,100.0,1.3972641509433963,1.41,0,/direct/sdcc+u/lchen6/gpu_logs/0559_new_agent_gpu_samples100_din32768_dout32768_read268435456_write268435456.log
3,560,0,new_agent,gpu,100,32768,32768,536870912,536870912,8.06891798786819,3.706219434738159,1.7571566104888916,,65.73584905660377,100.0,1.3947169811320754,1.41,0,/direct/sdcc+u/lchen6/gpu_logs/0560_new_agent_gpu_samples100_din32768_dout32768_read536870912_write536870912.log
3,561,0,new_training,gpu,100,4,4,4194304,4194304,1.2167992983013391,0.419177770614624,0.0023915767669677734,7.128715515136719e-05,22.875,100.0,1.41,1.41,0,/direct/sdcc+u/lchen6/gpu_logs/0561_new_training_gpu_samples100_din4_dout4_read4194304_write4194304.log
3,562,0,new_training,gpu,100,4,4,8388608,8388608,1.2248461842536926,0.4420022964477539,0.002297639846801758,7.152557373046875e-05,2.5,6.0,1.3425,1.41,0,/direct/sdcc+u/lchen6/gpu_logs/0562_new_training_gpu_samples100_din4_dout4_read8388608_write8388608.log
3,563,0,new_training,gpu,100,4,4,16777216,16777216,1.3291520038619637,0.4523448944091797,0.0023462772369384766,7.176399230957031e-05,1.7777777777777777,6.0,1.275,1.275,0,/direct/sdcc+u/lchen6/gpu_logs/0563_new_training_gpu_samples100_din4_dout4_read16777216_write16777216.log
3,564,0,new_training,gpu,100,4,4,33554432,33554432,1.34113840572536,0.4681508541107178,0.002353668212890625,7.390975952148438e-05,1.3333333333333333,7.0,1.275,1.275,0,/direct/sdcc+u/lchen6/gpu_logs/0564_new_training_gpu_samples100_din4_dout4_read33554432_write33554432.log
3,565,0,new_training,gpu,100,4,4,67108864,67108864,1.3771112449467182,0.509788990020752,0.0023200511932373047,7.152557373046875e-05,1.7777777777777777,6.0,1.32,1.41,0,/direct/sdcc+u/lchen6/gpu_logs/0565_new_training_gpu_samples100_din4_dout4_read67108864_write67108864.log
3,566,0,new_training,gpu,100,4,4,134217728,134217728,1.4500200664624572,0.5734727382659912,0.0023441314697265625,7.05718994140625e-05,1.4,6.0,1.3965,1.41,0,/direct/sdcc+u/lchen6/gpu_logs/0566_new_training_gpu_samples100_din4_dout4_read134217728_write134217728.log
3,567,0,new_training,gpu,100,4,4,268435456,268435456,1.6511637615039945,0.7745976448059082,0.0023193359375,7.176399230957031e-05,1.5454545454545454,6.0,1.3363636363636362,1.41,0,/direct/sdcc+u/lchen6/gpu_logs/0567_new_training_gpu_samples100_din4_dout4_read268435456_write268435456.log
3,568,0,new_training,gpu,100,4,4,536870912,536870912,1.9159161923453212,1.0667808055877686,0.0023889541625976562,7.271766662597656e-05,0.7692307692307693,6.0,1.3476923076923075,1.41,0,/direct/sdcc+u/lchen6/gpu_logs/0568_new_training_gpu_samples100_din4_dout4_read536870912_write536870912.log
3,569,0,new_training,gpu,100,8,8,4194304,4194304,1.241008324548602,0.4398312568664551,0.0023496150970458984,7.486343383789062e-05,2.25,7.0,1.2975,1.365,0,/direct/sdcc+u/lchen6/gpu_logs/0569_new_training_gpu_samples100_din8_dout8_read4194304_write4194304.log
3,570,0,new_training,gpu,100,8,8,8388608,8388608,1.2188402749598026,0.4305272102355957,0.0023179054260253906,7.104873657226562e-05,2.0,6.0,1.37625,1.41,0,/direct/sdcc+u/lchen6/gpu_logs/0570_new_training_gpu_samples100_din8_dout8_read8388608_write8388608.log
3,571,0,new_training,gpu,100,8,8,16777216,16777216,1.211021733470261,0.4285390377044678,0.002357959747314453,7.462501525878906e-05,1.375,6.0,1.41,1.41,0,/direct/sdcc+u/lchen6/gpu_logs/0571_new_training_gpu_samples100_din8_dout8_read16777216_write16777216.log
3,572,0,new_training,gpu,100,8,8,33554432,33554432,1.3171384669840336,0.44834280014038086,0.0023651123046875,7.081031799316406e-05,1.6666666666666667,4.0,1.41,1.41,0,/direct/sdcc+u/lchen6/gpu_logs/0572_new_training_gpu_samples100_din8_dout8_read33554432_write33554432.log
3,573,0,new_training,gpu,100,8,8,67108864,67108864,1.3649732926860452,0.4895198345184326,0.002330780029296875,7.271766662597656e-05,1.2222222222222223,6.0,1.41,1.41,0,/direct/sdcc+u/lchen6/gpu_logs/0573_new_training_gpu_samples100_din8_dout8_read67108864_write67108864.log
3,574,0,new_training,gpu,100,8,8,134217728,134217728,1.4671490425243974,0.5826902389526367,0.0023810863494873047,7.176399230957031e-05,1.3,6.0,1.275,1.275,0,/direct/sdcc+u/lchen6/gpu_logs/0574_new_training_gpu_samples100_din8_dout8_read134217728_write134217728.log
3,575,0,new_training,gpu,100,8,8,268435456,268435456,1.6319509474560618,0.7503552436828613,0.002376079559326172,7.2479248046875e-05,1.1818181818181819,6.0,1.275,1.275,0,/direct/sdcc+u/lchen6/gpu_logs/0575_new_training_gpu_samples100_din8_dout8_read268435456_write268435456.log
3,576,0,new_training,gpu,100,8,8,536870912,536870912,2.011226272210479,1.1031739711761475,0.002378702163696289,7.319450378417969e-05,1.4285714285714286,6.0,1.275,1.275,0,/direct/sdcc+u/lchen6/gpu_logs/0576_new_training_gpu_samples100_din8_dout8_read536870912_write536870912.log
3,577,0,new_training,gpu,100,16,16,4194304,4194304,1.2717385599389672,0.45572400093078613,0.002361297607421875,8.0108642578125e-05,2.0,7.0,1.28,1.29,0,/direct/sdcc+u/lchen6/gpu_logs/0577_new_training_gpu_samples100_din16_dout16_read4194304_write4194304.log
3,578,0,new_training,gpu,100,16,16,8388608,8388608,1.3161522159352899,0.44056034088134766,0.0023758411407470703,6.270408630371094e-05,2.2222222222222223,6.0,1.29,1.29,0,/direct/sdcc+u/lchen6/gpu_logs/0578_new_training_gpu_samples100_din16_dout16_read8388608_write8388608.log
3,579,0,new_training,gpu,100,16,16,16777216,16777216,1.3220532704144716,0.44859862327575684,0.002361774444580078,5.9604644775390625e-05,2.111111111111111,6.0,1.2766666666666668,1.29,0,/direct/sdcc+u/lchen6/gpu_logs/0579_new_training_gpu_samples100_din16_dout16_read16777216_write16777216.log
3,580,0,new_training,gpu,100,16,16,33554432,33554432,1.3399292025715113,0.4760582447052002,0.0023567676544189453,6.508827209472656e-05,1.6666666666666667,7.0,1.275,1.275,0,/direct/sdcc+u/lchen6/gpu_logs/0580_new_training_gpu_samples100_din16_dout16_read33554432_write33554432.log
3,581,0,new_training,gpu,100,16,16,67108864,67108864,1.3840987030416727,0.5146217346191406,0.002338409423828125,6.29425048828125e-05,1.4444444444444444,7.0,1.305,1.365,0,/direct/sdcc+u/lchen6/gpu_logs/0581_new_training_gpu_samples100_din16_dout16_read67108864_write67108864.log
3,582,0,new_training,gpu,100,16,16,134217728,134217728,1.4768874989822507,0.5875756740570068,0.002397298812866211,5.602836608886719e-05,1.2,6.0,1.377,1.395,0,/direct/sdcc+u/lchen6/gpu_logs/0582_new_training_gpu_samples100_din16_dout16_read134217728_write134217728.log
3,583,0,new_training,gpu,100,16,16,268435456,268435456,1.6179946893826127,0.7370755672454834,0.0023605823516845703,5.91278076171875e-05,1.0909090909090908,6.0,1.3622727272727273,1.395,0,/direct/sdcc+u/lchen6/gpu_logs/0583_new_training_gpu_samples100_din16_dout16_read268435456_write268435456.log
3,584,0,new_training,gpu,100,16,16,536870912,536870912,1.9818251756951213,1.1002709865570068,0.002425670623779297,5.7220458984375e-05,1.5714285714285714,7.0,1.275,1.275,0,/direct/sdcc+u/lchen6/gpu_logs/0584_new_training_gpu_samples100_din16_dout16_read536870912_write536870912.log
3,585,0,new_training,gpu,100,32,32,4194304,4194304,1.346944946795702,0.4364280700683594,0.002349376678466797,5.745887756347656e-05,1.3333333333333333,6.0,1.275,1.275,0,/direct/sdcc+u/lchen6/gpu_logs/0585_new_training_gpu_samples100_din32_dout32_read4194304_write4194304.log
3,586,0,new_training,gpu,100,32,32,8388608,8388608,1.2380377370864153,0.448622465133667,0.003153085708618164,6.389617919921875e-05,1.625,6.0,1.291875,1.32,0,/direct/sdcc+u/lchen6/gpu_logs/0586_new_training_gpu_samples100_din32_dout32_read8388608_write8388608.log
3,587,0,new_training,gpu,100,32,32,16777216,16777216,1.2970555508509278,0.46204233169555664,0.0024323463439941406,6.103515625e-05,2.2222222222222223,6.0,1.32,1.32,0,/direct/sdcc+u/lchen6/gpu_logs/0587_new_training_gpu_samples100_din32_dout32_read16777216_write16777216.log
3,588,0,new_training,gpu,100,32,32,33554432,33554432,1.3476926069706678,0.4802539348602295,0.002394437789916992,5.841255187988281e-05,2.111111111111111,6.0,1.28,1.32,0,/direct/sdcc+u/lchen6/gpu_logs/0588_new_training_gpu_samples100_din32_dout32_read33554432_write33554432.log
3,589,0,new_training,gpu,100,32,32,67108864,67108864,1.3762536393478513,0.5123772621154785,0.002385854721069336,5.984306335449219e-05,2.111111111111111,7.0,1.275,1.275,0,/direct/sdcc+u/lchen6/gpu_logs/0589_new_training_gpu_samples100_din32_dout32_read67108864_write67108864.log
3,590,0,new_training,gpu,100,32,32,134217728,134217728,1.468058554455638,0.5918838977813721,0.002406597137451172,5.91278076171875e-05,2.2,7.0,1.287,1.305,0,/direct/sdcc+u/lchen6/gpu_logs/0590_new_training_gpu_samples100_din32_dout32_read134217728_write134217728.log
3,591,0,new_training,gpu,100,32,32,268435456,268435456,1.6619246089830995,0.763371467590332,0.0023956298828125,5.841255187988281e-05,1.2727272727272727,5.0,1.2968181818181816,1.305,0,/direct/sdcc+u/lchen6/gpu_logs/0591_new_training_gpu_samples100_din32_dout32_read268435456_write268435456.log
3,592,0,new_training,gpu,100,32,32,536870912,536870912,1.9938014233484864,1.0808818340301514,0.0023887157440185547,5.7697296142578125e-05,0.7857142857142857,6.0,1.3275,1.38,0,/direct/sdcc+u/lchen6/gpu_logs/0592_new_training_gpu_samples100_din32_dout32_read536870912_write536870912.log
3,593,0,new_training,gpu,100,64,64,4194304,4194304,1.2350206654518843,0.42942070960998535,0.002434253692626953,5.8650970458984375e-05,1.375,6.0,1.340625,1.38,0,/direct/sdcc+u/lchen6/gpu_logs/0593_new_training_gpu_samples100_din64_dout64_read4194304_write4194304.log
3,594,0,new_training,gpu,100,64,64,8388608,8388608,1.2311581280082464,0.4408552646636963,0.0024323463439941406,5.7697296142578125e-05,1.75,7.0,1.275,1.275,0,/direct/sdcc+u/lchen6/gpu_logs/0594_new_training_gpu_samples100_din64_dout64_read8388608_write8388608.log
3,595,0,new_training,gpu,100,64,64,16777216,16777216,1.3388644307851791,0.45811939239501953,0.0023908615112304688,5.888938903808594e-05,2.4444444444444446,7.0,1.3,1.35,0,/direct/sdcc+u/lchen6/gpu_logs/0595_new_training_gpu_samples100_din64_dout64_read16777216_write16777216.log
3,596,0,new_training,gpu,100,64,64,33554432,33554432,1.332621281966567,0.4651036262512207,0.002411365509033203,5.817413330078125e-05,1.5555555555555556,6.0,1.35,1.35,0,/direct/sdcc+u/lchen6/gpu_logs/0596_new_training_gpu_samples100_din64_dout64_read33554432_write33554432.log
3,597,0,new_training,gpu,100,64,64,67108864,67108864,1.4073548819869757,0.515784740447998,0.0024118423461914062,5.698204040527344e-05,1.2222222222222223,6.0,1.275,1.275,0,/direct/sdcc+u/lchen6/gpu_logs/0597_new_training_gpu_samples100_din64_dout64_read67108864_write67108864.log
3,598,0,new_training,gpu,100,64,64,134217728,134217728,1.4678578777238727,0.5911242961883545,0.002390623092651367,5.6743621826171875e-05,1.2,7.0,1.275,1.275,0,/direct/sdcc+u/lchen6/gpu_logs/0598_new_training_gpu_samples100_din64_dout64_read134217728_write134217728.log
3,599,0,new_training,gpu,100,64,64,268435456,268435456,1.698723141103983,0.7700052261352539,0.007357597351074219,6.079673767089844e-05,0.9166666666666666,6.0,1.275,1.275,0,/direct/sdcc+u/lchen6/gpu_logs/0599_new_training_gpu_samples100_din64_dout64_read268435456_write268435456.log
3,600,0,new_training,gpu,100,64,64,536870912,536870912,1.9049945464357734,1.0885851383209229,0.002384662628173828,5.817413330078125e-05,1.4615384615384615,6.0,1.3580769230769232,1.41,0,/direct/sdcc+u/lchen6/gpu_logs/0600_new_training_gpu_samples100_din64_dout64_read536870912_write536870912.log
3,601,0,new_training,gpu,100,128,128,4194304,4194304,1.337500718422234,0.43732285499572754,0.002473115921020508,6.651878356933594e-05,1.6666666666666667,6.0,1.35,1.41,0,/direct/sdcc+u/lchen6/gpu_logs/0601_new_training_gpu_samples100_din128_dout128_read4194304_write4194304.log
3,602,0,new_training,gpu,100,128,128,8388608,8388608,1.228043762035668,0.44291067123413086,0.002461671829223633,7.009506225585938e-05,1.25,7.0,1.275,1.275,0,/direct/sdcc+u/lchen6/gpu_logs/0602_new_training_gpu_samples100_din128_dout128_read8388608_write8388608.log
3,603,0,new_training,gpu,100,128,128,16777216,16777216,1.3280705222859979,0.46194958686828613,0.002468109130859375,7.104873657226562e-05,2.0,6.0,1.275,1.275,0,/direct/sdcc+u/lchen6/gpu_logs/0603_new_training_gpu_samples100_din128_dout128_read16777216_write16777216.log
3,604,0,new_training,gpu,100,128,128,33554432,33554432,1.3530003828927875,0.470428466796875,0.0024423599243164062,6.413459777832031e-05,1.8888888888888888,6.0,1.32,1.41,0,/direct/sdcc+u/lchen6/gpu_logs/0604_new_training_gpu_samples100_din128_dout128_read33554432_write33554432.log
3,605,0,new_training,gpu,100,128,128,67108864,67108864,1.3550462061539292,0.48996973037719727,0.0025267601013183594,7.033348083496094e-05,1.2222222222222223,6.0,1.41,1.41,0,/direct/sdcc+u/lchen6/gpu_logs/0605_new_training_gpu_samples100_din128_dout128_read67108864_write67108864.log
3,606,0,new_training,gpu,100,128,128,134217728,134217728,1.460087839514017,0.5932693481445312,0.002483367919921875,6.580352783203125e-05,1.3,6.0,1.275,1.275,0,/direct/sdcc+u/lchen6/gpu_logs/0606_new_training_gpu_samples100_din128_dout128_read134217728_write134217728.log
3,607,0,new_training,gpu,100,128,128,268435456,268435456,1.655054109171033,0.7591323852539062,0.0024433135986328125,6.67572021484375e-05,1.2727272727272727,6.0,1.275,1.275,0,/direct/sdcc+u/lchen6/gpu_logs/0607_new_training_gpu_samples100_din128_dout128_read268435456_write268435456.log
3,608,0,new_training,gpu,100,128,128,536870912,536870912,1.8900111503899097,1.0880820751190186,0.002391338348388672,7.033348083496094e-05,1.6153846153846154,6.0,1.3234615384615385,1.365,0,/direct/sdcc+u/lchen6/gpu_logs/0608_new_training_gpu_samples100_din128_dout128_read536870912_write536870912.log
3,609,0,new_training,gpu,100,256,256,4194304,4194304,1.2501230090856552,0.44710588455200195,0.002611875534057617,9.846687316894531e-05,1.875,6.0,1.33125,1.365,0,/direct/sdcc+u/lchen6/gpu_logs/0609_new_training_gpu_samples100_din256_dout256_read4194304_write4194304.log
3,610,0,new_training,gpu,100,256,256,8388608,8388608,1.3361160885542631,0.4531733989715576,0.002618074417114258,0.00011467933654785156,2.0,6.0,1.275,1.275,0,/direct/sdcc+u/lchen6/gpu_logs/0610_new_training_gpu_samples100_din256_dout256_read8388608_write8388608.log
3,611,0,new_training,gpu,100,256,256,16777216,16777216,1.3549985699355602,0.4550187587738037,0.0026013851165771484,0.0001201629638671875,1.7777777777777777,7.0,1.275,1.275,0,/direct/sdcc+u/lchen6/gpu_logs/0611_new_training_gpu_samples100_din256_dout256_read16777216_write16777216.log
3,612,0,new_training,gpu,100,256,256,33554432,33554432,1.3289886508136988,0.4727146625518799,0.0026199817657470703,9.942054748535156e-05,2.3333333333333335,6.0,1.32,1.41,0,/direct/sdcc+u/lchen6/gpu_logs/0612_new_training_gpu_samples100_din256_dout256_read33554432_write33554432.log
3,613,0,new_training,gpu,100,256,256,67108864,67108864,1.3730114428326488,0.5034308433532715,0.002612590789794922,0.00011467933654785156,1.3333333333333333,6.0,1.41,1.41,0,/direct/sdcc+u/lchen6/gpu_logs/0613_new_training_gpu_samples100_din256_dout256_read67108864_write67108864.log
3,614,0,new_training,gpu,100,256,256,134217728,134217728,1.4819939117878675,0.5972733497619629,0.0026159286499023438,0.00010037422180175781,1.8,5.0,1.275,1.275,0,/direct/sdcc+u/lchen6/gpu_logs/0614_new_training_gpu_samples100_din256_dout256_read134217728_write134217728.log
3,615,0,new_training,gpu,100,256,256,268435456,268435456,1.6639451133087277,0.7704544067382812,0.0026073455810546875,0.00010275840759277344,1.5454545454545454,6.0,1.2818181818181817,1.29,0,/direct/sdcc+u/lchen6/gpu_logs/0615_new_training_gpu_samples100_din256_dout256_read268435456_write268435456.log
3,616,0,new_training,gpu,100,256,256,536870912,536870912,1.9151456477120519,1.091482162475586,0.0025911331176757812,0.00011658668518066406,1.2307692307692308,7.0,1.283076923076923,1.29,0,/direct/sdcc+u/lchen6/gpu_logs/0616_new_training_gpu_samples100_din256_dout256_read536870912_write536870912.log
3,617,0,new_training,gpu,100,512,512,4194304,4194304,1.4359637694433331,0.4339561462402344,0.0029473304748535156,0.0004773139953613281,1.8,6.0,1.275,1.275,0,/direct/sdcc+u/lchen6/gpu_logs/0617_new_training_gpu_samples100_din512_dout512_read4194304_write4194304.log
3,618,0,new_training,gpu,100,512,512,8388608,8388608,1.3381422841921449,0.4514937400817871,0.0030035972595214844,0.0005552768707275391,2.3333333333333335,6.0,1.275,1.275,0,/direct/sdcc+u/lchen6/gpu_logs/0618_new_training_gpu_samples100_din512_dout512_read8388608_write8388608.log
3,619,0,new_training,gpu,100,512,512,16777216,16777216,1.3530884934589267,0.459139347076416,0.0028777122497558594,0.00060272216796875,1.7777777777777777,5.0,1.275,1.275,0,/direct/sdcc+u/lchen6/gpu_logs/0619_new_training_gpu_samples100_din512_dout512_read16777216_write16777216.log
3,620,0,new_training,gpu,100,512,512,33554432,33554432,1.363074654713273,0.47752904891967773,0.00290679931640625,0.0006239414215087891,2.4444444444444446,7.0,1.275,1.275,0,/direct/sdcc+u/lchen6/gpu_logs/0620_new_training_gpu_samples100_din512_dout512_read33554432_write33554432.log
3,621,0,new_training,gpu,100,512,512,67108864,67108864,1.400957397185266,0.5317480564117432,0.0029151439666748047,0.0006296634674072266,1.8888888888888888,6.0,1.32,1.41,0,/direct/sdcc+u/lchen6/gpu_logs/0621_new_training_gpu_samples100_din512_dout512_read67108864_write67108864.log
3,622,0,new_training,gpu,100,512,512,134217728,134217728,1.4530169814825058,0.5800399780273438,0.002896547317504883,0.0005235671997070312,1.4,6.0,1.41,1.41,0,/direct/sdcc+u/lchen6/gpu_logs/0622_new_training_gpu_samples100_din512_dout512_read134217728_write134217728.log
3,623,0,new_training,gpu,100,512,512,268435456,268435456,1.6250607734546065,0.7405250072479248,0.002974987030029297,0.0005085468292236328,1.9090909090909092,6.0,1.3854545454545455,1.41,0,/direct/sdcc+u/lchen6/gpu_logs/0623_new_training_gpu_samples100_din512_dout512_read268435456_write268435456.log
3,624,0,new_training,gpu,100,512,512,536870912,536870912,2.015128037892282,1.0964124202728271,0.002908945083618164,0.0005333423614501953,1.2857142857142858,7.0,1.275,1.275,0,/direct/sdcc+u/lchen6/gpu_logs/0624_new_training_gpu_samples100_din512_dout512_read536870912_write536870912.log
3,625,0,new_training,gpu,100,1024,1024,4194304,4194304,1.3807312548160553,0.4647097587585449,0.007994413375854492,0.022645235061645508,4.111111111111111,24.0,1.275,1.275,0,/direct/sdcc+u/lchen6/gpu_logs/0625_new_training_gpu_samples100_din1024_dout1024_read4194304_write4194304.log
3,626,0,new_training,gpu,100,1024,1024,8388608,8388608,1.371014249511063,0.4883584976196289,0.00818943977355957,0.02385711669921875,3.7777777777777777,24.0,1.275,1.275,0,/direct/sdcc+u/lchen6/gpu_logs/0626_new_training_gpu_samples100_din1024_dout1024_read8388608_write8388608.log
3,627,0,new_training,gpu,100,1024,1024,16777216,16777216,1.3667699256911874,0.4799327850341797,0.007880210876464844,0.021507978439331055,4.333333333333333,22.0,1.31,1.38,0,/direct/sdcc+u/lchen6/gpu_logs/0627_new_training_gpu_samples100_din1024_dout1024_read16777216_write16777216.log
3,628,0,new_training,gpu,100,1024,1024,33554432,33554432,1.375047099776566,0.4835348129272461,0.007879972457885742,0.019466400146484375,5.888888888888889,22.0,1.39,1.41,0,/direct/sdcc+u/lchen6/gpu_logs/0628_new_training_gpu_samples100_din1024_dout1024_read33554432_write33554432.log
3,629,0,new_training,gpu,100,1024,1024,67108864,67108864,1.4091088995337486,0.5230340957641602,0.0074770450592041016,0.014602899551391602,3.5555555555555554,22.0,1.395,1.41,0,/direct/sdcc+u/lchen6/gpu_logs/0629_new_training_gpu_samples100_din1024_dout1024_read67108864_write67108864.log
3,630,0,new_training,gpu,100,1024,1024,134217728,134217728,1.5289338836446404,0.6199514865875244,0.007533550262451172,0.020953893661499023,5.5,23.0,1.311,1.365,0,/direct/sdcc+u/lchen6/gpu_logs/0630_new_training_gpu_samples100_din1024_dout1024_read134217728_write134217728.log
3,631,0,new_training,gpu,100,1024,1024,268435456,268435456,1.5960929794237018,0.7862858772277832,0.007611513137817383,0.020938396453857422,5.0,23.0,1.3404545454545456,1.365,0,/direct/sdcc+u/lchen6/gpu_logs/0631_new_training_gpu_samples100_din1024_dout1024_read268435456_write268435456.log
3,632,0,new_training,gpu,100,1024,1024,536870912,536870912,2.018906842917204,1.1293153762817383,0.007873296737670898,0.024205923080444336,3.142857142857143,24.0,1.275,1.275,0,/direct/sdcc+u/lchen6/gpu_logs/0632_new_training_gpu_samples100_din1024_dout1024_read536870912_write536870912.log
3,633,0,new_training,gpu,100,2048,2048,4194304,4194304,1.3716694032773376,0.47597599029541016,0.014416933059692383,0.022351980209350586,4.0,23.0,1.275,1.275,0,/direct/sdcc+u/lchen6/gpu_logs/0633_new_training_gpu_samples100_din2048_dout2048_read4194304_write4194304.log
3,634,0,new_training,gpu,100,2048,2048,8388608,8388608,1.3960648607462645,0.48435544967651367,0.014755725860595703,0.02274465560913086,4.0,23.0,1.275,1.275,0,/direct/sdcc+u/lchen6/gpu_logs/0634_new_training_gpu_samples100_din2048_dout2048_read8388608_write8388608.log
3,635,0,new_training,gpu,100,2048,2048,16777216,16777216,1.356957877986133,0.48331284523010254,0.017587900161743164,0.017073631286621094,1.1111111111111112,7.0,1.305,1.365,0,/direct/sdcc+u/lchen6/gpu_logs/0635_new_training_gpu_samples100_din2048_dout2048_read16777216_write16777216.log
3,636,0,new_training,gpu,100,2048,2048,33554432,33554432,1.3692936673760414,0.4985365867614746,0.02622365951538086,0.018107891082763672,8.11111111111111,22.0,1.355,1.365,0,/direct/sdcc+u/lchen6/gpu_logs/0636_new_training_gpu_samples100_din2048_dout2048_read33554432_write33554432.log
3,637,0,new_training,gpu,100,2048,2048,67108864,67108864,1.323930211365223,0.5423290729522705,0.013752460479736328,0.019917964935302734,1.8888888888888888,7.0,1.275,1.275,0,/direct/sdcc+u/lchen6/gpu_logs/0637_new_training_gpu_samples100_din2048_dout2048_read67108864_write67108864.log
3,638,0,new_training,gpu,100,2048,2048,134217728,134217728,1.5141771221533418,0.6240203380584717,0.014340400695800781,0.0221405029296875,6.4,24.0,1.275,1.275,0,/direct/sdcc+u/lchen6/gpu_logs/0638_new_training_gpu_samples100_din2048_dout2048_read134217728_write134217728.log
3,639,0,new_training,gpu,100,2048,2048,268435456,268435456,1.6051969034597278,0.8024811744689941,0.015157938003540039,0.022167205810546875,6.0,25.0,1.275,1.275,0,/direct/sdcc+u/lchen6/gpu_logs/0639_new_training_gpu_samples100_din2048_dout2048_read268435456_write268435456.log
3,640,0,new_training,gpu,100,2048,2048,536870912,536870912,2.031022555194795,1.1269445419311523,0.013574361801147461,0.019017696380615234,3.2857142857142856,18.0,1.335,1.38,0,/direct/sdcc+u/lchen6/gpu_logs/0640_new_training_gpu_samples100_din2048_dout2048_read536870912_write536870912.log
3,641,0,new_training,gpu,100,4096,4096,4194304,4194304,1.48392644058913,0.5951316356658936,0.04365658760070801,0.11655950546264648,9.0,71.0,1.3815,1.41,0,/direct/sdcc+u/lchen6/gpu_logs/0641_new_training_gpu_samples100_din4096_dout4096_read4194304_write4194304.log
3,642,0,new_training,gpu,100,4096,4096,8388608,8388608,1.472954266704619,0.5832722187042236,0.04394650459289551,0.11672544479370117,15.5,71.0,1.41,1.41,0,/direct/sdcc+u/lchen6/gpu_logs/0642_new_training_gpu_samples100_din4096_dout4096_read8388608_write8388608.log
3,643,0,new_training,gpu,100,4096,4096,16777216,16777216,1.3511218801140785,0.5951347351074219,0.04440951347351074,0.1164090633392334,7.0,39.0,1.41,1.41,0,/direct/sdcc+u/lchen6/gpu_logs/0643_new_training_gpu_samples100_din4096_dout4096_read16777216_write16777216.log
3,644,0,new_training,gpu,100,4096,4096,33554432,33554432,1.5230869501829147,0.6341931819915771,0.044722557067871094,0.12392044067382812,15.9,55.0,1.317,1.41,0,/direct/sdcc+u/lchen6/gpu_logs/0644_new_training_gpu_samples100_din4096_dout4096_read33554432_write33554432.log
3,645,0,new_training,gpu,100,4096,4096,67108864,67108864,1.5319642834365368,0.6522300243377686,0.04480242729187012,0.11653733253479004,10.8,64.0,1.41,1.41,0,/direct/sdcc+u/lchen6/gpu_logs/0645_new_training_gpu_samples100_din4096_dout4096_read67108864_write67108864.log
3,646,0,new_training,gpu,100,4096,4096,134217728,134217728,1.6299919746816158,0.7433896064758301,0.04436802864074707,0.12283897399902344,11.181818181818182,44.0,1.41,1.41,0,/direct/sdcc+u/lchen6/gpu_logs/0646_new_training_gpu_samples100_din4096_dout4096_read134217728_write134217728.log
3,647,0,new_training,gpu,100,4096,4096,268435456,268435456,1.8010887997224927,0.8990352153778076,0.04448747634887695,0.11663222312927246,11.0,39.0,1.385,1.41,0,/direct/sdcc+u/lchen6/gpu_logs/0647_new_training_gpu_samples100_din4096_dout4096_read268435456_write268435456.log
3,648,0,new_training,gpu,100,4096,4096,536870912,536870912,2.1720868460834026,1.2559657096862793,0.04549860954284668,0.1272599697113037,10.666666666666666,56.0,1.338,1.41,0,/direct/sdcc+u/lchen6/gpu_logs/0648_new_training_gpu_samples100_din4096_dout4096_read536870912_write536870912.log
3,649,0,new_training,gpu,100,8192,8192,4194304,4194304,1.9480327712371945,1.1583619117736816,0.17194008827209473,0.5827090740203857,32.53846153846154,100.0,1.3892307692307693,1.41,0,/direct/sdcc+u/lchen6/gpu_logs/0649_new_training_gpu_samples100_din8192_dout8192_read4194304_write4194304.log
3,650,0,new_training,gpu,100,8192,8192,8388608,8388608,1.945073832757771,1.1487455368041992,0.15979313850402832,0.5507230758666992,28.076923076923077,100.0,1.41,1.41,0,/direct/sdcc+u/lchen6/gpu_logs/0650_new_training_gpu_samples100_din8192_dout8192_read8388608_write8388608.log
3,651,0,new_training,gpu,100,8192,8192,16777216,16777216,1.9319714633747935,1.1487371921539307,0.16075778007507324,0.5505292415618896,36.07692307692308,100.0,1.41,1.41,0,/direct/sdcc+u/lchen6/gpu_logs/0651_new_training_gpu_samples100_din8192_dout8192_read16777216_write16777216.log
3,652,0,new_training,gpu,100,8192,8192,33554432,33554432,1.9411117415875196,1.1597840785980225,0.1741170883178711,0.5506057739257812,32.76923076923077,100.0,1.41,1.41,0,/direct/sdcc+u/lchen6/gpu_logs/0652_new_training_gpu_samples100_din8192_dout8192_read33554432_write33554432.log
3,653,0,new_training,gpu,100,8192,8192,67108864,67108864,2.1268654949963093,1.205932855606079,0.14873218536376953,0.550018310546875,29.928571428571427,100.0,1.41,1.41,0,/direct/sdcc+u/lchen6/gpu_logs/0653_new_training_gpu_samples100_din8192_dout8192_read67108864_write67108864.log
3,654,0,new_training,gpu,100,8192,8192,134217728,134217728,2.086888300254941,1.2925279140472412,0.16286921501159668,0.5518560409545898,29.785714285714285,100.0,1.41,1.41,0,/direct/sdcc+u/lchen6/gpu_logs/0654_new_training_gpu_samples100_din8192_dout8192_read134217728_write134217728.log
3,655,0,new_training,gpu,100,8192,8192,268435456,268435456,2.5019981199875474,1.4632699489593506,0.1559734344482422,0.550398588180542,25.647058823529413,100.0,1.41,1.41,0,/direct/sdcc+u/lchen6/gpu_logs/0655_new_training_gpu_samples100_din8192_dout8192_read268435456_write268435456.log
3,656,0,new_training,gpu,100,8192,8192,536870912,536870912,2.6350171016529202,1.8073220252990723,0.1717529296875,0.5804071426391602,23.666666666666668,100.0,1.4025,1.41,0,/direct/sdcc+u/lchen6/gpu_logs/0656_new_training_gpu_samples100_din8192_dout8192_read536870912_write536870912.log
3,657,0,new_training,gpu,100,16384,16384,4194304,4194304,4.2979700258001685,3.2615280151367188,0.515139102935791,2.3225035667419434,57.857142857142854,100.0,1.3960714285714286,1.41,0,/direct/sdcc+u/lchen6/gpu_logs/0657_new_training_gpu_samples100_din16384_dout16384_read4194304_write4194304.log
3,658,0,new_training,gpu,100,16384,16384,8388608,8388608,4.287141353823245,3.2418320178985596,0.5013232231140137,2.317303419113159,54.357142857142854,100.0,1.41,1.41,0,/direct/sdcc+u/lchen6/gpu_logs/0658_new_training_gpu_samples100_din16384_dout16384_read8388608_write8388608.log
3,659,0,new_training,gpu,100,16384,16384,16777216,16777216,4.294998477213085,3.279214859008789,0.4895141124725342,2.3341267108917236,56.67857142857143,100.0,1.3955357142857143,1.41,0,/direct/sdcc+u/lchen6/gpu_logs/0659_new_training_gpu_samples100_din16384_dout16384_read16777216_write16777216.log
3,660,0,new_training,gpu,100,16384,16384,33554432,33554432,4.3779977997764945,3.3024888038635254,0.5172228813171387,2.3210949897766113,55.0,100.0,1.41,1.41,0,/direct/sdcc+u/lchen6/gpu_logs/0660_new_training_gpu_samples100_din16384_dout16384_read33554432_write33554432.log
3,661,0,new_training,gpu,100,16384,16384,67108864,67108864,4.436802523210645,3.416425943374634,0.505873441696167,2.3334224224090576,55.62068965517241,100.0,1.41,1.41,0,/direct/sdcc+u/lchen6/gpu_logs/0661_new_training_gpu_samples100_din16384_dout16384_read67108864_write67108864.log
3,662,0,new_training,gpu,100,16384,16384,134217728,134217728,4.621091957204044,3.4147703647613525,0.5151021480560303,2.330389976501465,54.1,100.0,1.392,1.41,0,/direct/sdcc+u/lchen6/gpu_logs/0662_new_training_gpu_samples100_din16384_dout16384_read134217728_write134217728.log
3,663,0,new_training,gpu,100,16384,16384,268435456,268435456,4.606982409954071,3.561634063720703,0.5124301910400391,2.3232805728912354,50.32258064516129,100.0,1.41,1.41,0,/direct/sdcc+u/lchen6/gpu_logs/0663_new_training_gpu_samples100_din16384_dout16384_read268435456_write268435456.log
3,664,0,new_training,gpu,100,16384,16384,536870912,536870912,4.95913421548903,3.9247891902923584,0.5178587436676025,2.3427720069885254,47.24242424242424,100.0,1.3854545454545455,1.41,0,/direct/sdcc+u/lchen6/gpu_logs/0664_new_training_gpu_samples100_din16384_dout16384_read536870912_write536870912.log
3,665,0,new_training,gpu,100,32768,32768,4194304,4194304,13.312760329805315,11.92749285697937,1.769113540649414,9.598679065704346,72.816091954023,100.0,1.4006896551724137,1.41,0,/direct/sdcc+u/lchen6/gpu_logs/0665_new_training_gpu_samples100_din32768_dout32768_read4194304_write4194304.log
3,666,0,new_training,gpu,100,32768,32768,8388608,8388608,13.349007089622319,11.955171585083008,1.749906063079834,9.614049196243286,72.11494252873563,100.0,1.4006896551724137,1.41,0,/direct/sdcc+u/lchen6/gpu_logs/0666_new_training_gpu_samples100_din32768_dout32768_read8388608_write8388608.log
3,667,0,new_training,gpu,100,32768,32768,16777216,16777216,13.499003181234002,11.970923662185669,1.7611322402954102,9.614886283874512,72.30337078651685,100.0,1.4008988764044943,1.41,0,/direct/sdcc+u/lchen6/gpu_logs/0667_new_training_gpu_samples100_din32768_dout32768_read16777216_write16777216.log
3,668,0,new_training,gpu,100,32768,32768,33554432,33554432,13.398022747598588,11.971421957015991,1.7592792510986328,9.609001874923706,72.70454545454545,100.0,1.41,1.41,0,/direct/sdcc+u/lchen6/gpu_logs/0668_new_training_gpu_samples100_din32768_dout32768_read33554432_write33554432.log
3,669,0,new_training,gpu,100,32768,32768,67108864,67108864,13.491888453252614,12.076790809631348,1.761263132095337,9.663816213607788,72.54022988505747,100.0,1.402241379310345,1.41,0,/direct/sdcc+u/lchen6/gpu_logs/0669_new_training_gpu_samples100_din32768_dout32768_read67108864_write67108864.log
3,670,0,new_training,gpu,100,32768,32768,134217728,134217728,13.525895860046148,12.113948345184326,1.7653422355651855,9.606127977371216,71.92134831460675,100.0,1.4024157303370788,1.41,0,/direct/sdcc+u/lchen6/gpu_logs/0670_new_training_gpu_samples100_din32768_dout32768_read134217728_write134217728.log
3,671,0,new_training,gpu,100,32768,32768,268435456,268435456,13.71599028725177,12.29630422592163,1.7503271102905273,9.638923168182373,72.32222222222222,100.0,1.401,1.41,0,/direct/sdcc+u/lchen6/gpu_logs/0671_new_training_gpu_samples100_din32768_dout32768_read268435456_write268435456.log
3,672,0,new_training,gpu,100,32768,32768,536870912,536870912,14.111786874942482,12.593517303466797,1.7474281787872314,9.609439134597778,68.08602150537635,100.0,1.3983870967741936,1.41,0,/direct/sdcc+u/lchen6/gpu_logs/0672_new_training_gpu_samples100_din32768_dout32768_read536870912_write536870912.log
